plant_id,lon,lat,province,region,emissions_feedstock_transport_kg_co2eq,emissions_digestate_transport_kg_co2eq,emissions_biogas_biomethane_leakage_kg_co2eq,emissions_anaerobic_digestion_and_biogas_upgrading_kg_co2eq,emissions_co2_transport_kg_co2eq,emissions_co2_injection_and_storage_kg_co2eq,emissions_CHP_kg_co2eq,emissions_digestate_field_n2o_kg_co2eq,credit_avoided_natural_gas_kg_co2eq,credit_avoided_npk_fertilisers_kg_co2,credit_avoided_mineral_n_field_n2o_kg_co2eq,cdr_geological_storage_kg_co2,net_life_cycle_ghg_emissions_kg_co2eq,total_mitigation_kg_co2eq
1,114.03,33.55,Henan,Central_South_China,3633108.8,4310700.8,79933392.0,16969917.5,453286.1,2522464.7,4236531.0,20196055.5,-110842085.6,-78717722.5,-11107830.5,-242964029.8,-110708573.3,-311376212.0
2,116.34,34.03,Henan,Central_South_China,3653988.8,4335475.0,74170418.0,10971954.2,1083029.1,2322349.9,4260879.0,20312125.4,-102048642.6,-79170125.5,-11171668.9,-223688947.2,-102578727.8,-294969164.9
3,114.75,33.83,Henan,Central_South_China,3486862.2,4137178.4,73987943.3,13614610.8,418132.8,2326842.1,4065994.3,19383086.3,-102246041.5,-75549030.5,-10660697.5,-224121642.3,-102700992.1,-291156761.5
4,115.03,33.29,Henan,Central_South_China,3608306.6,4281272.8,73667068.2,11250069.3,414735.6,2307937.3,4207609.4,20058182.7,-101415327.3,-78180338.7,-11032000.5,-222300730.5,-102505548.6,-293133215.0
5,120.49,32.68,Jiangsu,East_China,2994007.6,3552404.1,69465863.3,17505040.6,395821.1,2202681.2,3491281.6,16643361.4,-96790164.8,-64870464.8,-9153848.8,-212162450.3,-95911989.3,-266726467.7
6,115.67,36.05,Shandong,East_China,3080551.4,3655088.7,69380302.5,15960203.3,3622511.8,2194144.9,3592199.5,17124448.9,-96415061.9,-66745589.1,-9418446.9,-211340230.7,-92730779.8,-265309877.6
7,115.42,36.52,Shandong,East_China,3144177.6,3730581.6,68933375.3,14448258.6,2493871.0,2174623.9,3666393.4,17478140.4,-95557272.2,-68124164.5,-9612977.2,-209459969.9,-93390548.1,-266684962.1
8,114.37,35.59,Henan,Central_South_China,3185997.0,3780200.5,68337540.9,13158583.8,3179221.9,2151374.4,3715158.5,17710609.8,-94535644.1,-69030255.2,-9740835.4,-207220578.0,-92001891.2,-265308625.9
9,115.43,34.16,Henan,Central_South_China,3395598.8,4028894.0,66976865.3,8287181.8,375737.1,2090917.1,3959573.1,18875763.3,-91879027.7,-73571648.7,-10381669.8,-201397318.4,-93406788.0,-269239134.1
10,113.55,33.55,Henan,Central_South_China,3268477.3,3878063.8,66749787.4,10210781.8,375804.0,2091289.1,3811338.0,18169109.0,-91895376.5,-70817337.5,-9993009.9,-201433154.8,-92878504.4,-265584228.4
11,114.72,38.27,Hebei,North_China,2831164.5,3359190.1,66738390.9,17582275.3,380805.0,2119119.0,3301392.0,15738134.6,-93118276.4,-61342182.2,-8655974.1,-204113731.2,-92063259.8,-255179692.4
12,114.95,34.78,Henan,Central_South_China,3206061.5,3804007.2,66130674.7,10657987.7,1611156.7,2073963.8,3738555.6,17822146.4,-91134068.2,-69464989.2,-9802180.5,-199764379.5,-90719825.8,-261121063.8
13,113.6,34.04,Henan,Central_South_China,3096407.6,3673902.2,65230487.7,11627319.0,368383.0,2049992.7,3610689.2,17212591.9,-90080732.4,-67089142.1,-9466925.6,-197455484.8,-90585711.5,-257222511.5
14,114.95,35.94,Henan,Central_South_China,2980164.0,3535978.7,63472918.8,11867994.5,3395543.0,1996875.5,3475138.8,16566406.8,-87746656.1,-64570520.2,-9111523.7,-192339227.9,-85048207.8,-246476907.9
15,115.69,35.03,Shandong,East_China,3227562.7,3829518.4,62921886.6,7151645.9,1919100.7,1961903.8,3763627.9,17941668.9,-86209928.5,-69930849.4,-9867917.9,-188970746.2,-86253831.4,-252262527.2
16,115.24,33.73,Henan,Central_South_China,3238721.2,3842758.0,61528601.5,5598392.5,343788.6,1913128.7,3776639.7,18003698.0,-84066653.7,-70172618.8,-9902033.9,-184272723.1,-86026994.8,-250168301.2
17,116.37,37.05,Shandong,East_China,3017174.9,3579892.2,61260901.9,9076267.6,1464690.0,1918193.6,3518296.8,16772146.0,-84289215.9,-65372425.4,-9224680.3,-184760575.8,-84153012.9,-243039334.5
18,116.95,34.29,Anhui,East_China,2732919.6,3242622.0,60979839.9,13599696.1,1971811.8,1926844.7,3186829.6,15192002.0,-84669362.2,-59213533.1,-8355601.1,-185593850.2,-82761284.5,-234999780.9
19,114.95,34.28,Henan,Central_South_China,2963571.5,3516291.6,60711487.0,9442979.9,603682.1,1902703.4,3455790.5,16474170.7,-83608548.9,-64211013.9,-9060793.9,-183268564.9,-84197888.1,-241078244.9
20,115.93,34.31,Henan,Central_South_China,3170940.9,3762336.4,60650230.8,5882189.9,674910.2,1887207.6,3697601.8,17626914.6,-82927633.1,-68704038.3,-9694803.0,-181776008.7,-84423676.5,-245750151.0
21,112.6,26.89,Hunan,Central_South_China,2302918.5,2732423.7,59946198.0,19846352.3,5382745.7,1918945.0,2685409.7,12801672.6,-84322235.5,-49896798.5,-7040919.9,-184832954.2,-77216288.8,-218476242.7
22,115.79,35.51,Shandong,East_China,3040281.9,3607308.9,59888612.0,7341867.7,2734057.9,1869371.5,3545241.7,16900595.6,-82143876.2,-65873080.9,-9295327.6,-180058026.4,-81130689.1,-238442973.8
23,112.77,33.01,Henan,Central_South_China,3057359.3,3627571.2,59751667.4,6919418.1,334878.6,1863546.1,3565155.4,16995526.6,-81887896.6,-66243091.3,-9347539.6,-179496923.2,-83381800.6,-240860328.1
24,106.43,29.6,Chongqing,Southwest_China,2004020.1,2377779.3,59643549.8,24595838.6,346424.4,1927796.6,2336867.3,11140129.0,-84711192.7,-43420636.3,-6127070.9,-185685542.0,-81313136.9,-215572036.8
25,115.26,37.99,Hebei,North_China,2693760.0,3196159.0,59612576.5,12921398.3,338233.3,1882214.4,3141166.0,14974317.9,-82708222.1,-58365070.6,-8235874.9,-181295063.2,-82535237.8,-231844405.3
26,114.95,36.72,Hebei,North_China,2853464.8,3385649.5,59357050.9,9974967.4,1724704.1,1863094.4,3327396.1,15862099.5,-81868047.8,-61825357.3,-8724154.7,-179453415.1,-81104988.5,-233522548.3
27,118.8,36.8,Shandong,East_China,2581795.9,3063313.1,59349884.5,14554224.9,941045.4,1880379.9,3010605.9,14351922.0,-82627610.2,-55939171.6,-7893557.1,-181118363.4,-81385191.9,-227845530.8
28,114.6,32.9,Henan,Central_South_China,3200859.0,3797834.3,59138327.6,3896041.1,329413.0,1833130.6,3732488.9,17793225.8,-80551383.3,-69352265.9,-9786274.2,-176567308.2,-82845988.0,-242535911.4
29,116.17,34.84,Shandong,East_China,3171142.9,3762576.1,58824569.1,4090342.3,1649983.3,1824226.8,3697837.4,17628037.6,-80160129.8,-68708415.4,-9695420.7,-175709686.8,-81060971.4,-239624937.2
30,114.43,35.1,Henan,Central_South_China,2926588.7,3472411.3,58776283.2,8171573.5,1999094.6,1838344.2,3412665.2,16268587.2,-80780478.4,-63409715.5,-8947723.0,-177069480.7,-80203932.8,-233341849.6
31,112.32,32.68,Henan,Central_South_China,3014296.0,3576476.5,58663326.0,6580255.7,328632.6,1828787.9,3514939.8,16756142.7,-80360554.4,-65310049.9,-9215878.5,-176149014.2,-81886157.1,-236772639.9
32,114.51,33.43,Henan,Central_South_China,2959817.3,3511837.2,57949346.1,6800536.3,324839.2,1807678.3,3451412.7,16453301.4,-79432958.8,-64129672.1,-9049315.8,-174115740.1,-80856971.6,-233468918.3
33,110.83,21.67,Guangdong,Central_South_China,2115673.9,2510257.1,57582785.4,20692167.0,2011434.7,1849514.2,2467065.7,11760800.5,-81271307.8,-45839814.0,-6468440.3,-178145370.8,-77155672.3,-210735234.4
34,114.5,34.59,Henan,Central_South_China,2380058.9,2823951.1,57347819.6,15998679.7,1057306.0,1824347.4,2775362.3,13230487.7,-80165431.7,-51568181.8,-7276768.2,-175721308.6,-78283295.8,-217293677.5
35,116.07,28.46,Jiangxi,East_China,2168177.4,2572552.7,56973451.9,19208900.9,4532216.6,1825109.6,2528289.5,12052661.5,-80198921.8,-46977394.3,-6628963.8,-175794718.4,-73933358.3,-207738638.3
36,117.33,33.47,Anhui,East_China,3034670.0,3600650.3,56941676.0,4549758.7,1472223.2,1768092.6,3538697.7,16869399.4,-77693483.3,-65751488.2,-9278169.7,-170302838.3,-78527670.5,-231250811.6
37,115.25,35.18,Shandong,East_China,2959858.6,3511886.3,56941408.5,5812452.1,2049241.8,1772911.5,3451460.9,16453531.3,-77905234.8,-64130568.0,-9049442.2,-170766994.2,-77814243.3,-228899488.3
38,113.65,35.28,Henan,Central_South_China,2706352.0,3211099.4,56906012.2,10057443.6,2112464.2,1788051.3,3155849.4,15044315.4,-78570506.6,-58637898.0,-8274373.5,-172225258.9,-77243671.5,-222726449.6
39,116.65,34.68,Jiangsu,East_China,2642210.9,3134995.7,56803362.7,11039707.7,1830585.1,1788650.3,3081055.2,14687762.3,-78596830.6,-57248169.1,-8078269.3,-172282960.7,-77274630.6,-221197899.6
40,111.91,32.98,Henan,Central_South_China,2930471.5,3477018.3,56027355.3,5413145.6,353576.9,1743282.0,3417192.9,16290171.4,-76603255.7,-63493843.9,-8959594.3,-167913077.3,-78260863.5,-227317557.4
41,115.12,32.78,Henan,Central_South_China,2962072.6,3514513.2,55939293.6,4793393.8,312354.9,1738205.3,3454042.6,16465838.6,-76380174.2,-64178537.8,-9056211.2,-167424086.3,-78244371.8,-227859295.0
42,117.82,33.59,Anhui,East_China,2928627.6,3474830.4,55935281.2,5354078.2,1060069.4,1740225.3,3415042.7,16279921.1,-76468939.6,-63453891.6,-8953956.6,-167618658.7,-77430582.8,-226307370.6
43,119.9,33.93,Jiangsu,East_China,2531266.2,3003359.3,55232324.6,11373657.4,312969.4,1741624.7,2951683.6,14071032.5,-76530429.1,-54844354.6,-7739067.9,-167753442.6,-76535525.1,-215649376.6
44,116.81,37.26,Shandong,East_China,2898223.5,3438755.8,54876202.4,4829871.4,875682.5,1705659.5,3379588.8,16110908.1,-74950047.2,-62795133.3,-8860999.5,-164289271.5,-76174379.4,-222780559.3
45,114.18,34.18,Henan,Central_South_China,2622889.4,3112070.6,54810280.6,9413447.5,333625.4,1721155.1,3058524.5,14580356.0,-75630955.5,-56829533.7,-8019195.8,-165781811.2,-76129462.1,-216609147.0
46,115.96,32.91,Anhui,East_China,2741984.9,3253378.0,54783599.6,7376756.1,307744.4,1712548.7,3197400.6,15242394.8,-75252776.4,-59409948.0,-8383317.2,-164952848.8,-76337041.6,-219383083.1
47,117.2,37.6,Shandong,East_China,2831449.1,3359527.7,54625927.2,5711976.2,408879.5,1701336.8,3301723.8,15739716.4,-74760101.0,-61348347.4,-8656844.0,-163872912.4,-76192375.8,-220957668.2
48,115.53,33.25,Anhui,East_China,2841611.5,3371585.5,54346097.0,5266290.7,303877.4,1691029.5,3313574.1,15796208.3,-74307177.2,-61568534.6,-8687914.6,-162880110.9,-75949837.0,-220513463.3
49,115.35,35.67,Henan,Central_South_China,2610356.9,3097200.8,54037445.8,8867941.7,2751401.4,1695308.5,3043910.5,14510689.4,-74495205.6,-56557995.9,-7980879.2,-163292266.1,-72678011.0,-211712091.8
50,120.5,36.83,Shandong,East_China,2643428.8,3136440.8,53675805.8,7955360.2,2319309.2,1680701.0,3082475.3,14694532.4,-73853324.1,-57274556.8,-8081992.8,-161885272.5,-72697219.0,-211907092.8
51,113.94,33.1,Henan,Central_South_China,2707073.5,3211955.5,53030441.3,6248713.2,504443.6,1654334.7,3156690.8,15048326.3,-72694735.3,-58653531.5,-8276579.5,-159345664.8,-73783685.9,-213408532.1
52,116.28,35.61,Shandong,East_China,2842377.2,3372494.0,52566973.1,3510515.1,2679968.0,1629617.3,3314467.1,15800465.0,-71608606.7,-61585125.9,-8690255.7,-156964888.9,-71248012.1,-213132000.4
53,120.44,33.14,Jiangsu,East_China,2498560.6,2964553.9,52420112.4,9170916.7,295918.8,1646741.0,2913545.9,13889225.6,-72361055.2,-54135730.0,-7639074.1,-158614243.6,-72814668.6,-206950527.9
54,118.7,35.59,Shandong,East_China,2528544.3,3000129.7,52414028.5,8658775.8,2658904.7,1644596.1,2948509.6,14055901.8,-72266804.0,-54785380.0,-7730746.0,-158407646.4,-70498255.9,-205281185.8
55,116.57,36.64,Shandong,East_China,2765762.6,3281590.4,52201233.6,4445631.5,1863176.4,1621947.3,3225127.5,15374572.5,-71271571.4,-59925133.9,-8456014.9,-156226112.9,-71447071.2,-211099791.4
56,120.25,32.25,Jiangsu,East_China,2174885.7,2580512.1,52061601.5,14283952.6,297450.6,1655264.9,2536112.0,12089952.2,-72735611.5,-47122741.6,-6649473.7,-159435264.9,-71755533.4,-198263360.3
57,113.64,31.04,Hubei,Central_South_China,2212691.9,2625369.4,51982964.4,13568678.9,707361.4,1650112.8,2580197.4,12300112.9,-72509216.5,-47941880.4,-6765062.1,-158939010.8,-71311521.6,-198527680.7
58,115.42,34.63,Henan,Central_South_China,2726598.6,3235122.1,51624403.7,4541724.6,947034.9,1604579.8,3179458.7,15156864.0,-70508406.3,-59076576.4,-8336275.2,-154553267.6,-71537481.3,-209458739.2
59,115.26,32.32,Henan,Central_South_China,2198648.5,2608706.8,51542864.5,13374632.3,293959.9,1635839.9,2563821.5,12222046.9,-71882037.2,-47637604.2,-6722125.8,-157564243.9,-71123723.7,-197365490.9
60,120.87,32.35,Jiangsu,East_China,2242122.2,2660288.5,51151221.6,12257057.4,368445.4,1619526.3,2614515.7,12463712.5,-71165185.5,-48579538.9,-6855041.9,-155992916.9,-70616027.2,-197215793.5
61,114.38,36.06,Henan,Central_South_China,2335682.2,2771297.9,50934174.8,10464968.2,2064113.8,1606002.2,2723615.1,12983802.4,-70570908.3,-50606682.0,-7141091.3,-154690270.9,-68806614.3,-197125295.9
62,119.31,36.14,Shandong,East_China,2625352.8,3114993.5,50755264.6,5399524.5,1907721.0,1581136.9,3061397.1,14594049.9,-69478281.4,-56882908.1,-8026727.4,-152295250.8,-69255810.5,-203643727.4
63,114.2,32.67,Henan,Central_South_China,2666796.0,3164166.0,50637215.6,4584244.2,288164.3,1574390.7,3109723.6,14824428.0,-69181840.7,-57780847.8,-8153435.4,-151645457.6,-70796329.2,-205912453.1
64,103.9,30.56,Sichuan,Southwest_China,1703552.0,2021272.6,50621610.7,20830314.8,293991.8,1636017.6,1986494.6,9469860.0,-71889846.4,-36910465.7,-5208423.0,-157581361.6,-69018247.4,-183026982.5
65,116.28,33.37,Anhui,East_China,2815272.0,3340333.5,50618217.3,2059081.2,281077.8,1564153.3,3282859.9,15649789.8,-68731985.4,-60997842.4,-8607384.4,-150659382.1,-71048597.4,-209385809.6
66,118.18,34.59,Shandong,East_China,2608767.0,3095314.4,50457431.3,5387763.5,1803759.2,1571934.9,3042056.5,14501851.1,-69073927.9,-56523547.1,-7976018.1,-151408914.4,-68940036.4,-202513529.5
67,117.39,33.93,Anhui,East_China,2705898.2,3210561.0,50105841.1,3403585.2,1707169.9,1553539.9,3155320.3,15041793.1,-68265612.0,-58628067.1,-8272986.2,-149637099.5,-68753390.9,-203920056.2
68,120.04,33.45,Jiangsu,East_China,2202486.8,2613261.0,50041723.3,11839300.0,284611.4,1583817.2,2568297.4,12243384.0,-69596057.2,-47720769.2,-6733861.2,-152553413.4,-69176532.4,-193227219.9
69,116.76,35.76,Shandong,East_China,2601089.9,3086205.5,49462741.0,4542957.4,2984495.4,1538123.1,3033104.4,14459175.3,-67588169.5,-56357210.3,-7952546.4,-148152156.6,-66444264.6,-198342190.8
70,119.75,36.46,Shandong,East_China,2604956.8,3090793.5,49307155.7,4325264.8,1671758.2,1532507.4,3037613.5,14480670.7,-67341402.1,-56440992.4,-7964368.9,-147611246.4,-67560526.0,-199307289.3
71,114.86,35.49,Henan,Central_South_China,2675851.4,3174910.3,49164487.8,2988672.3,2225481.2,1523011.4,3120283.0,14874766.1,-66924128.5,-57977049.5,-8181121.3,-146696589.7,-66949126.2,-200031425.6
72,117.48,36.96,Shandong,East_China,2493187.5,2958178.7,49108093.2,6017136.1,1397705.8,1532854.9,2907280.4,13859357.2,-67356673.4,-54019312.5,-7622646.4,-147644720.8,-67370927.1,-196369559.3
73,114.74,37.76,Hebei,North_China,2303927.6,2733621.0,49066454.2,9171406.0,277390.4,1543633.1,2686586.5,12807282.3,-67830286.9,-49918663.4,-7044005.3,-148682874.0,-68092572.9,-192885528.5
74,113.13,35.06,Henan,Central_South_China,2298283.9,2726924.7,48959189.0,9161605.1,1676677.7,1540297.7,2680005.3,12775909.3,-67683723.3,-49796381.3,-7026750.1,-148361608.9,-66542716.4,-191049571.1
75,118.63,39.5,Hebei,North_China,2342908.3,2779871.8,48936679.0,8386209.7,1400375.0,1536641.3,2732041.5,13023971.8,-67523057.5,-50763249.4,-7163184.5,-148009432.2,-66870733.7,-192320225.1
76,118.77,35.1,Shandong,East_China,2514333.2,2983268.3,48730988.3,5290740.3,1763405.5,1518483.7,2931938.3,13976904.2,-66725174.8,-54477472.8,-7687297.3,-146260486.5,-66550424.8,-195440369.7
77,113.05,34.01,Henan,Central_South_China,2450050.5,2906996.5,48633250.2,6280207.0,392802.0,1519261.3,2856978.9,13619563.7,-66759344.1,-53084674.6,-7490760.0,-146335384.8,-67676274.8,-195011053.4
78,118.36,33.83,Jiangsu,East_China,2045331.6,2426795.7,48614485.1,13094235.5,707077.3,1544733.5,2385040.3,11369775.5,-67878643.4,-44315724.7,-6253376.5,-148788870.6,-66601395.9,-185049140.5
79,116.79,33.32,Anhui,East_China,2751993.4,3265253.1,47742951.1,310701.4,785315.0,1469068.0,3209071.4,15298031.0,-64553750.0,-59626799.8,-8413917.0,-141500758.9,-66668374.6,-199262841.5
80,113.17,32.77,Henan,Central_South_China,2590423.4,3073549.6,47616127.6,2914066.8,265078.8,1475121.1,3020666.3,14399881.1,-64819734.4,-56126100.9,-7919934.6,-142083792.3,-66728877.6,-195594647.5
81,117.69,37.71,Shandong,East_China,2391034.6,2836973.8,47214052.4,5886245.7,449548.0,1474121.3,2788161.0,13291500.4,-64775803.8,-51805989.6,-7310325.2,-141987497.2,-65655860.0,-189547978.6
82,116.11,36.25,Shandong,East_China,2343619.1,2780715.2,46922421.3,6401022.3,2234850.4,1467122.9,2732870.3,13027923.1,-64468279.6,-50778649.9,-7165357.7,-141313409.2,-63402864.7,-185815151.9
83,115.27,30.43,Hubei,Central_South_China,1970177.1,2337624.5,46813896.3,12599108.5,1602942.8,1487480.7,2297403.4,10951999.8,-65362843.0,-42687369.5,-6023599.9,-143274277.4,-63213644.1,-177287456.5
84,117.87,34.11,Jiangsu,East_China,2130115.4,2527391.9,46410592.6,9503972.1,1364732.0,1463248.7,2483905.7,11841078.9,-64298037.6,-46152713.4,-6512593.4,-140940241.4,-63215204.2,-180178548.5
85,112.76,32.51,Henan,Central_South_China,2467184.3,2927325.8,45901482.3,3314889.2,255880.8,1423935.7,2876958.4,13714808.3,-62570550.7,-53455907.4,-7543144.5,-137153618.6,-64271153.9,-187840756.5
86,119.12,33.86,Jiangsu,East_China,2167435.6,2571672.5,45723054.2,8200417.3,258251.2,1437126.6,2527424.5,12048537.9,-63150184.3,-46961322.0,-6626695.9,-138424165.8,-63490246.0,-180228448.2
87,104.26,31.16,Sichuan,Southwest_China,1705503.9,2023588.4,45704727.7,15980734.5,263494.8,1466306.3,1988770.7,9480710.1,-64432397.6,-36952755.6,-5214390.5,-141234756.5,-62620920.2,-169220464.0
88,111.86,32.29,Hubei,Central_South_China,1891411.3,2244168.5,45674964.3,12813113.2,261154.3,1453281.8,2205555.4,10514149.2,-63860075.4,-40980768.6,-5782782.0,-139980235.6,-62922437.7,-173546063.8
89,121.56,31.1,Shanghai,East_China,1562437.6,1853839.6,45460822.6,18157028.2,2347511.1,1467127.0,1821942.6,8685420.3,-64468461.2,-33852972.3,-4776981.2,-141313807.2,-59957678.2,-163056092.9
90,112.18,31.8,Hubei,Central_South_China,1914744.7,2271853.6,45395479.3,12145416.2,297283.6,1442136.4,2232764.2,10643856.7,-63370323.6,-41486326.9,-5854121.2,-138906707.7,-62563173.0,-173273944.6
91,116.51,32.92,Anhui,East_China,2479608.1,2942066.7,45234261.0,2451535.4,333518.9,1400121.2,2891445.6,13783870.8,-61524093.1,-53725091.0,-7581128.9,-134859800.8,-63343373.1,-186173686.1
92,115.97,33.73,Anhui,East_China,2512042.3,2980550.0,45109325.6,1781597.4,263648.0,1393718.9,2929266.8,13964169.0,-61242764.0,-54427835.3,-7680293.0,-134243131.9,-63308813.9,-186659706.1
93,121.52,31.84,Jiangsu,East_China,2127917.5,2524784.2,44816450.3,7979437.2,1333029.2,1408407.9,2481342.9,11828861.4,-61888225.5,-46105093.7,-6505873.8,-135657972.9,-61157742.3,-175656935.2
94,114.74,36.35,Hebei,North_China,2252382.1,2672462.0,44601596.4,5667769.0,1830542.5,1392964.9,2626479.8,12520746.6,-61209629.5,-48801839.3,-6886410.6,-134170501.8,-60605558.6,-177503438.0
95,115.57,32.7,Anhui,East_China,2326230.7,2760083.8,44140887.0,3969750.9,246603.4,1372308.8,2712593.9,12931262.9,-60301962.5,-50401899.8,-7112194.6,-132180910.5,-61721189.1,-179537245.9
96,123.3,41.79,Liaoning,Northeast_China,1709448.4,2028268.6,44089397.5,14331749.9,1829317.9,1410338.4,1993370.3,9502637.0,-61973054.5,-37038219.8,-5226450.3,-135843916.8,-58949389.0,-163187113.6
97,112.46,28.54,Hunan,Central_South_China,1819985.9,2159421.9,44074545.3,12451120.6,1626703.7,1402692.3,2122267.0,10117103.0,-61637072.4,-39433210.6,-5564406.7,-135107449.5,-59333609.8,-165968299.5
98,112.49,29.3,Hunan,Central_South_China,1901626.4,2256288.7,43976306.4,10976640.9,613552.8,1394035.2,2217467.1,10570933.6,-61256660.2,-41202096.0,-5814013.5,-134273592.3,-60366741.3,-168639510.9
99,117.26,35.75,Shandong,East_China,2245555.4,2664362.0,43840450.4,5037391.0,2758686.4,1367153.2,2618519.2,12482797.3,-60075414.3,-48653925.4,-6865538.5,-131684320.8,-58669405.9,-174264284.1
100,113.69,30.58,Hubei,Central_South_China,1899684.5,2253984.6,43678575.8,10717764.1,248684.9,1383891.6,2215202.6,10560138.7,-60810933.7,-41160020.9,-5808076.3,-133296567.1,-60338640.3,-168117671.2
101,115.71,39.11,Hebei,North_China,2048478.8,2430529.7,43574013.5,8103408.0,246311.2,1370682.5,2388710.2,11387270.0,-60230496.9,-44383912.4,-6262998.5,-132024259.1,-60474855.3,-171352263.1
102,113.81,34.48,Henan,Central_South_China,2049960.1,2432287.4,43568010.4,8072518.9,633710.8,1370379.8,2390437.6,11395504.8,-60217197.7,-44416009.1,-6267527.6,-131995107.6,-60082297.8,-170983032.2
103,118.61,34.25,Jiangsu,East_China,2040115.1,2420606.2,43295785.1,7972047.0,903475.3,1361626.0,2378957.4,11340777.2,-59832538.9,-44202698.7,-6237427.5,-131151941.7,-59438552.4,-169711217.4
104,118.33,36.91,Shandong,East_China,2077348.2,2464783.5,43248205.3,7296872.4,790808.8,1357582.1,2422374.5,11547752.2,-59654838.9,-45009420.3,-6351263.7,-130762426.2,-59556699.2,-170572222.1
105,112.7,34.82,Henan,Central_South_China,2114086.5,2508373.6,43023802.4,6456834.9,1341103.7,1347471.3,2465214.6,11751976.0,-59210553.3,-45805419.2,-6463586.8,-129788559.6,-58779696.6,-170259256.0
106,126.53,45.7,Heilongjiang,Northeast_China,1715484.5,2035430.5,42912773.6,13077215.3,246074.7,1369366.6,2000409.0,9536191.3,-60172672.8,-37169003.9,-5244905.2,-131897509.7,-59004564.2,-161591146.1
107,112.64,34.26,Henan,Central_South_China,2135521.7,2533806.5,42854120.8,5928746.8,880357.5,1340235.6,2490210.0,11871131.9,-58892599.9,-46269850.6,-6529122.6,-129091610.9,-59057480.1,-170749053.1
108,115.9,36.94,Shandong,East_China,2278107.0,2702984.7,42787629.7,3456505.2,1094187.8,1328740.2,2656477.3,12663748.1,-58387471.0,-49359213.2,-6965061.5,-127984376.8,-59015996.8,-173727742.5
109,86.0,44.4,Xinjiang,Northwest_China,2153001.3,2554546.3,42745857.1,5527601.0,239966.2,1335373.4,2510592.9,11968299.6,-58678947.4,-46648578.7,-6582564.8,-128623288.2,-59588050.6,-171498141.6
110,114.64,32.42,Henan,Central_South_China,2393513.0,2839914.5,42652342.9,1375706.5,236597.3,1316626.1,2791051.1,13305277.9,-57855154.2,-51859690.0,-7317902.9,-126817547.0,-59906517.6,-176939264.7
111,118.88,36.33,Shandong,East_China,2127846.9,2524700.4,42600228.1,5809595.2,1286001.3,1331974.0,2481260.5,11828468.8,-58529570.9,-46103563.5,-6505657.9,-128295857.3,-58305782.0,-169444574.2
112,119.56,33.62,Jiangsu,East_China,1939645.5,2301398.6,42365710.2,8757049.7,240084.4,1336031.4,2261800.8,10782277.9,-58707859.8,-42025848.3,-5930252.9,-128686663.6,-58702665.0,-165366625.9
113,117.69,34.6,Shandong,East_China,2325757.5,2759522.3,42349595.2,2222971.8,1840108.4,1310557.0,2712042.1,12928632.3,-57588464.3,-50391646.5,-7110747.8,-126232967.1,-57783780.6,-172874639.1
114,112.05,34.56,Henan,Central_South_China,2193323.8,2602389.1,42346139.6,4455315.0,1617400.3,1318984.7,2557612.5,12192447.8,-57958794.7,-47522236.2,-6705846.3,-127044725.3,-57761112.7,-169947989.9
115,113.32,29.28,Hunan,Central_South_China,1638512.4,1944102.8,42305648.4,13781901.6,648057.7,1353394.1,1910652.6,9108312.0,-59470812.5,-35501267.8,-5009571.6,-130359043.4,-57668461.8,-157650113.6
116,115.73,38.17,Hebei,North_China,2132163.3,2529821.9,42011547.6,5160048.0,235656.6,1311391.6,2486293.9,11852463.5,-57625139.4,-46197086.8,-6518854.9,-126313358.3,-58593971.9,-168935053.1
117,116.79,33.81,Anhui,East_China,2234293.0,2650999.2,41743907.0,3173725.2,940961.3,1295569.4,2605386.2,12420191.0,-56929880.9,-48409906.1,-6831105.1,-124789363.1,-57724330.7,-169895222.7
118,117.16,35.08,Shandong,East_China,2098554.3,2489944.6,41702112.6,5424305.3,2086675.7,1302888.1,2447102.8,11665634.6,-57251478.4,-45468887.9,-6416099.0,-125494299.6,-56277081.7,-165413547.0
119,114.02,35.25,Henan,Central_South_China,2039931.5,2420388.4,41661304.1,6373991.5,1580026.0,1305264.0,2378743.3,11339756.8,-57355878.1,-44198721.2,-6236866.2,-125723141.9,-56623736.4,-164415201.9
120,117.89,39.71,Hebei,North_China,2054606.7,2437800.5,41599145.9,6065356.8,571391.9,1302173.0,2395855.8,11421334.3,-57220055.4,-44516684.1,-6281733.8,-125425420.8,-57577755.9,-165596229.2
121,119.47,34.24,Jiangsu,East_China,2091002.9,2480984.9,41323094.8,5180497.2,231867.0,1290303.0,2438297.1,11623657.2,-56698462.8,-45305273.6,-6393011.4,-124282098.5,-57622394.4,-166019142.3
122,117.19,32.99,Anhui,East_China,2126051.4,2522570.1,41125833.2,4395573.6,533397.8,1281237.4,2479166.8,11818487.9,-56300104.0,-46064661.2,-6500168.4,-123408902.5,-57126584.2,-165991517.9
123,113.13,23.15,Guangdong,Central_South_China,1322350.1,1568974.7,41014465.3,17854455.7,4797405.8,1329264.9,1541979.0,7350800.2,-58410527.8,-28651052.7,-4042940.1,-128034916.7,-51255221.0,-142359741.5
124,117.22,32.45,Anhui,East_China,1809179.1,2146599.6,40782305.1,9408446.5,231783.7,1289839.0,2109665.3,10057029.4,-56678076.5,-39199062.7,-5531366.1,-124237412.1,-56402564.5,-157811069.9
125,114.21,30.4,Hubei,Central_South_China,1567925.4,1860350.9,40612586.1,13315001.7,262957.0,1299555.2,1828341.8,8715926.2,-57105024.0,-33971874.4,-4793759.4,-125173273.9,-55710629.6,-151581287.4
126,111.46,27.16,Hunan,Central_South_China,1724863.5,2046558.7,40096225.5,10159761.4,3312977.1,1271617.4,2011345.7,9588327.9,-55877380.3,-37372215.2,-5273580.3,-122482299.2,-52270622.1,-150793798.0
127,113.2,33.26,Henan,Central_South_China,2142839.7,2542489.4,40068916.2,3076789.3,373012.8,1243700.4,2498743.5,11911812.1,-54650655.4,-46428408.8,-6551496.7,-119793338.3,-55935034.8,-163565595.6
128,110.74,26.93,Hunan,Central_South_China,1743982.9,2069243.9,40043320.7,9785164.3,3847017.5,1268558.8,2033640.6,9694610.5,-55742978.5,-37786470.7,-5332035.8,-122187692.6,-51702153.5,-150563638.5
129,119.41,36.79,Shandong,East_China,2049771.8,2432063.9,40006126.5,4586439.9,827326.0,1247541.1,2390218.0,11394457.8,-54819423.4,-44411928.4,-6266951.8,-120163275.0,-55229329.9,-160727633.5
130,106.23,30.92,Sichuan,Southwest_China,1697516.2,2014111.0,39873962.5,10403703.5,227448.8,1265716.3,1979456.3,9436307.3,-55618077.7,-36779688.1,-5189969.0,-121913912.1,-55015690.1,-152603424.9
131,110.1,22.68,Guangxi,Central_South_China,1409408.1,1672269.4,39806871.2,15201782.3,2013395.8,1281996.0,1643496.4,7834746.1,-56333439.0,-30537318.1,-4309110.4,-123481972.4,-52618007.0,-143797874.5
132,116.17,35.19,Shandong,East_China,2099648.5,2491242.9,39569177.5,3316388.3,1500280.5,1229251.7,2448378.7,11671717.0,-54015748.7,-45492595.2,-6419444.3,-118401633.3,-54075548.3,-160003336.5
133,117.72,33.13,Anhui,East_China,2129285.6,2526407.4,39331925.6,2583644.2,462594.5,1219156.1,2482938.2,11836466.4,-53572127.5,-46134735.3,-6510056.5,-117429222.9,-54856805.0,-161073724.3
134,80.71,43.94,Xinjiang,Northwest_China,2066797.5,2452265.0,39163936.0,3473996.2,2201626.7,1217394.9,2410071.4,11489101.7,-53494736.0,-44780819.5,-6319005.9,-117259582.0,-52784392.7,-157378954.1
135,115.22,36.22,Hebei,North_China,1901567.7,2256219.1,39036278.9,6138328.7,1737940.4,1223655.4,2217398.7,10570607.6,-53769835.7,-41200825.3,-5813834.2,-117862596.0,-52780599.5,-153565094.6
136,119.07,39.77,Hebei,North_China,1913594.7,2270489.2,39014437.7,5913894.6,1579441.3,1222125.9,2231423.3,10637464.3,-53702626.4,-41461411.4,-5850605.4,-117715274.3,-52932403.2,-153947046.4
137,112.24,22.61,Guangdong,Central_South_China,1281311.1,1520281.7,38779615.0,16357988.1,3340555.9,1254832.6,1494123.8,7122668.8,-55139822.6,-27761870.1,-3917467.9,-120865584.9,-49714207.8,-136533368.5
138,121.75,37.2,Shandong,East_China,1872159.9,2221326.6,38758398.9,6362573.3,2564778.2,1215969.1,2183106.6,10407132.8,-53432084.6,-40563653.1,-5723923.0,-117122251.1,-51536805.8,-151256466.5
139,114.34,33.87,Henan,Central_South_China,2042002.7,2422845.8,38656004.5,3395003.7,215904.9,1201476.3,2381158.5,11351270.1,-52795242.3,-44243596.5,-6243198.6,-115726303.3,-54060636.8,-157342674.1
140,103.47,30.38,Sichuan,Southwest_China,1534094.0,1820209.8,38415828.8,11734172.7,220306.7,1225971.5,1788891.3,8527861.1,-53871611.9,-33238857.2,-4690323.6,-118085687.7,-52818351.8,-144619144.5
141,112.57,32.12,Hubei,Central_South_China,1768277.4,2098069.5,38144135.3,7514565.9,215906.8,1201487.2,2061970.2,9829661.0,-52795720.7,-38312854.1,-5406313.6,-115727352.0,-52893278.7,-149408167.1
142,116.75,37.72,Shandong,East_China,2128255.7,2525185.4,38014406.8,1310376.1,210928.0,1173780.8,2481737.2,11830741.1,-51578247.4,-46112420.1,-6506907.6,-113058670.5,-53383259.4,-157580834.6
143,112.78,26.42,Hunan,Central_South_China,1565370.4,1857319.3,37984301.2,10783440.1,3977022.5,1209069.5,1825362.4,8701723.1,-53128902.3,-33916515.1,-4785947.7,-116457680.5,-48554072.0,-140385437.1
144,117.95,35.04,Shandong,East_China,1904656.5,2259883.9,37689282.9,4766653.3,1852474.3,1176997.6,2221000.5,10587777.7,-51719600.4,-41267748.8,-5823277.7,-113368513.9,-50909787.3,-149720414.3
145,117.03,39.95,Hebei,North_China,1703882.4,2021664.5,37614869.7,8083199.2,354427.8,1187388.5,1986879.9,9471696.4,-52176195.2,-36917623.2,-5209433.0,-114369362.2,-51945354.0,-146248605.4
146,112.91,30.66,Hubei,Central_South_China,1940031.9,2301857.0,37591566.6,4073726.6,210490.2,1171344.3,2262251.4,10784425.6,-51471183.0,-42034219.2,-5931434.1,-112823987.1,-52488293.5,-151925129.9
147,119.63,31.9,Jiangsu,East_China,1827038.7,2167790.1,37578129.6,5968099.3,634753.0,1178173.1,2130491.2,10156309.0,-51771254.7,-39586022.8,-5585969.9,-113481739.4,-51840955.3,-148784202.8
148,112.88,27.79,Hunan,Central_South_China,1505227.8,1785959.8,37477396.2,11302190.2,2355883.0,1195467.6,1755230.7,8367396.9,-52531206.8,-32613419.4,-4602068.3,-115147541.8,-49402789.6,-139149484.1
149,117.61,24.54,Fujian,East_China,1254507.6,1488479.2,37439564.4,15497754.0,7743269.9,1210343.5,1462868.5,6973671.1,-53184885.1,-27181124.8,-3835519.1,-116580393.9,-43509935.6,-127711464.6
150,115.37,37.0,Hebei,North_China,1994304.8,2366252.1,37313913.6,2885506.6,781306.4,1158265.3,2325538.5,11086122.9,-50896466.5,-43210138.0,-6097367.6,-111564217.9,-51653007.8,-151856979.8
151,111.69,29.56,Hunan,Central_South_China,1588793.5,1885111.0,37292087.9,9709914.8,376891.4,1183683.1,1852675.8,8831929.6,-52013374.5,-34424018.3,-4857561.3,-114012461.8,-51291374.7,-142586328.7
152,114.99,30.84,Hubei,Central_South_China,1621486.0,1923900.7,37223708.9,9091019.9,1182158.0,1179214.8,1890798.2,9013663.5,-51817028.4,-35132358.7,-4957514.9,-113582074.6,-50456124.6,-142363026.6
153,119.03,34.44,Jiangsu,East_China,1856825.3,2203131.9,37111056.4,5007697.3,592526.7,1160141.2,2165225.0,10321889.0,-50978898.0,-40231400.5,-5677039.0,-111744906.5,-51326413.7,-148213751.2
154,116.42,34.4,Anhui,East_China,1956107.2,2320930.4,37085081.5,3306187.2,799825.8,1152838.0,2280996.6,10873786.5,-50657978.1,-42382519.3,-5980582.6,-111041455.3,-51265702.0,-150286782.1
155,115.16,38.47,Hebei,North_China,1926439.2,2285729.2,37043632.3,3766434.7,207251.8,1153323.0,2246401.1,10708865.3,-50679294.0,-41739709.3,-5889875.9,-111088179.3,-51750102.8,-150058982.1
156,114.82,37.18,Hebei,North_China,1933468.0,2294068.9,36972491.2,3578084.6,571378.2,1150415.7,2254597.3,10747937.7,-50551541.3,-41892001.0,-5911365.7,-110808147.5,-51305705.8,-149660613.8
157,112.0,27.7,Hunan,Central_South_China,1569409.3,1862111.6,36845275.9,9599453.5,2330403.7,1169523.4,1830072.2,8724175.3,-51391167.8,-34004026.8,-4798296.4,-112648595.0,-48718170.2,-138911661.2
158,112.0,30.71,Hubei,Central_South_China,1627925.8,1931541.6,36842069.0,8608445.0,209464.5,1165636.3,1898307.6,9049461.9,-51220361.2,-35271889.2,-4977204.1,-112274189.9,-50941338.2,-142410792.7
159,118.24,35.44,Shandong,East_China,1912110.0,2268727.6,36835982.0,3804921.1,1939484.9,1147085.9,2229692.0,10629211.1,-50405219.9,-41429243.0,-5846066.1,-110487413.5,-49720198.9,-147400728.0
160,104.86,29.54,Sichuan,Southwest_China,1576971.5,1871084.1,36436025.0,9070884.1,207538.8,1154920.1,1838890.3,8766212.4,-50749471.3,-34167873.9,-4821416.8,-111242006.8,-50319480.6,-140058242.5
161,121.14,32.09,Jiangsu,East_China,1649570.9,1957223.6,36389947.5,7800132.7,639174.3,1148645.5,1923547.7,9169784.5,-50473753.2,-35740868.0,-5043381.5,-110637637.5,-49959610.7,-141217613.5
162,107.46,40.96,Inner_Mongolia,North_China,1943614.0,2306107.2,36364647.5,2811351.3,891544.2,1128796.2,2266428.4,10804338.2,-49601534.5,-42111831.9,-5942386.0,-108725748.3,-50208921.4,-147864673.8
163,119.16,35.37,Shandong,East_China,1870830.9,2219749.7,36220402.7,3898761.8,1447449.3,1128518.3,2181556.8,10399745.0,-49589325.4,-40534858.1,-5719859.8,-108698986.2,-49331971.5,-145176014.8
164,116.31,37.51,Shandong,East_China,1920629.6,2278836.1,36154194.7,2993209.5,398343.0,1123020.9,2239626.5,10676570.3,-49347758.5,-41613833.8,-5872113.7,-108169475.5,-50385044.9,-147218750.9
165,116.87,28.84,Jiangxi,East_China,1510491.6,1792205.4,36112835.8,9876589.5,2965470.9,1148063.6,1761368.8,8396657.9,-50448183.0,-32727469.3,-4618161.8,-110581587.9,-47017904.5,-134811718.7
166,118.61,34.72,Shandong,East_China,1883621.6,2234925.9,36088898.1,3554008.3,1071997.5,1123157.2,2196471.9,10470846.9,-49353747.2,-40811990.3,-5758965.8,-108182602.5,-49558675.1,-145483378.4
167,112.11,26.89,Hunan,Central_South_China,1493635.5,1772205.6,35844790.8,9898571.9,3181670.3,1139906.5,1741713.1,8302956.8,-50089742.4,-32362252.6,-4566626.2,-109795891.9,-46420441.4,-133439062.7
168,120.0,32.66,Jiangsu,East_China,1529687.1,1814981.0,35823758.3,9269349.1,204292.4,1136854.4,1783752.6,8503364.0,-49955627.4,-33143375.4,-4676850.2,-109501914.0,-49435875.2,-137211728.1
169,113.33,34.45,Henan,Central_South_China,1749918.2,2076286.2,35709348.4,5439360.0,519659.9,1118695.2,2040561.8,9727604.5,-49157678.8,-37915070.7,-5350182.5,-107752824.0,-49371389.7,-141794321.8
170,116.46,39.3,Hebei,North_China,1847390.5,2191937.5,35621551.2,3707838.9,199354.6,1109376.5,2154223.2,10269442.2,-48748194.5,-40026979.6,-5648193.2,-106855241.0,-49754126.5,-144177493.8
171,113.8,27.71,Jiangxi,East_China,1412366.5,1675779.5,35552867.3,10984573.3,2344820.1,1135082.8,1646946.1,7851191.3,-49877780.1,-30601416.1,-4318155.2,-109331274.0,-46727647.1,-131524998.5
172,117.0,36.89,Shandong,East_China,1864126.6,2211795.0,35448457.4,3255738.4,968183.8,1102326.3,2173738.9,10362476.2,-48438395.9,-40389596.0,-5699361.9,-106176167.7,-48789325.1,-143316679.0
173,116.71,28.25,Jiangxi,East_China,1486954.3,1764278.3,35438078.0,9612943.2,3435280.0,1126310.0,1733922.2,8265816.7,-49492285.1,-32217492.4,-4546199.2,-108486275.4,-45622692.8,-131878669.4
174,119.15,29.1,Zhejiang,East_China,1333805.4,1582566.4,35297301.3,12060477.0,3298767.1,1131338.3,1555336.8,7414478.5,-49713241.1,-28899250.0,-4077963.1,-108970607.3,-45296536.6,-127986990.9
175,112.65,30.15,Hubei,Central_South_China,1740563.6,2065186.9,35272887.8,5169722.7,198432.5,1104245.2,2029653.4,9675603.0,-48522718.0,-37712385.5,-5321581.6,-106361000.3,-49104705.2,-140661390.4
176,116.65,36.17,Shandong,East_China,1888406.9,2240603.7,35265808.5,2666916.3,1759291.4,1094459.7,2202052.0,10497447.9,-48092721.1,-40915672.3,-5773596.3,-105418454.1,-47803467.8,-142585457.6
177,113.89,31.47,Hubei,Central_South_China,1638628.1,1944239.9,35225196.0,6843864.9,761430.5,1109179.0,1910787.5,9108954.7,-48739515.6,-35503773.0,-5009925.1,-106836216.9,-48293936.3,-137547150.0
178,112.86,23.47,Guangdong,Central_South_China,1262049.8,1497428.1,35197202.4,13173786.2,4141991.9,1132516.8,1471663.4,7015597.4,-49765024.4,-27344540.2,-3858578.6,-109084115.5,-44191879.5,-125160022.6
179,119.16,33.28,Jiangsu,East_China,1593034.1,1890142.5,35135772.0,7525975.6,199293.6,1109037.2,1857620.8,8855502.8,-48733286.2,-34515899.0,-4870526.5,-106822562.3,-48656183.7,-136775895.5
180,123.35,42.74,Liaoning,Northeast_China,1963731.2,2329976.3,35120033.4,1252498.7,402877.1,1084570.6,2289886.9,10916167.4,-47658176.1,-42547706.3,-6003892.1,-104465938.7,-49106197.2,-145315971.7
181,111.91,30.14,Hubei,Central_South_China,1701962.1,2019386.1,34833071.0,5390538.3,196154.2,1091567.0,1984640.6,9461021.7,-47965611.5,-36876016.8,-5203561.9,-105139831.9,-48461490.9,-138506681.2
182,116.62,32.43,Anhui,East_China,1737414.5,2061450.6,34759223.9,4719693.6,195285.4,1086732.0,2025981.3,9658097.9,-47753151.2,-37644156.4,-5311953.8,-104674122.6,-48430243.3,-139139504.8
183,121.98,41.46,Liaoning,Northeast_China,1845742.0,2189981.6,34748897.4,2880807.7,529951.6,1079384.7,2152300.9,10260278.5,-47430295.6,-39991262.3,-5643153.2,-103966428.2,-48279084.0,-141343795.1
184,118.33,37.67,Shandong,East_China,1865660.2,2213614.6,34676518.3,2473648.3,315724.7,1075602.8,2175527.3,10371001.5,-47264113.8,-40422824.9,-5704050.8,-103602160.6,-48434862.8,-141825852.3
185,104.73,31.3,Sichuan,Southwest_China,1392081.8,1651711.6,34608102.0,10401515.6,198353.7,1103806.5,1623292.3,7738430.6,-48503441.0,-30161911.4,-4256136.9,-106318745.4,-47601451.3,-130522940.5
186,117.91,37.17,Shandong,East_China,1873894.3,2223384.4,34512967.3,2174425.2,730099.7,1069430.5,2185129.0,10416773.9,-46992888.6,-40601231.0,-5729225.6,-103007639.5,-47821535.2,-141144880.5
187,117.05,39.29,Tianjin,North_China,1584891.1,1880480.8,34444059.5,6985835.8,195100.9,1085705.3,1848125.3,8810236.8,-47708035.4,-34339466.7,-4845630.2,-104575229.5,-47740794.0,-134633926.4
188,113.12,28.33,Hunan,Central_South_China,1326756.5,1574202.8,34290971.8,11193664.2,1574727.6,1097084.5,1547117.2,7375294.6,-48208061.3,-28746523.9,-4056412.0,-105671278.0,-45691458.8,-126702456.1
189,115.73,32.09,Henan,Central_South_China,1525331.5,1809813.0,34261186.6,7812169.4,194658.2,1083241.7,1778673.5,8479151.3,-47599782.3,-33049002.1,-4663533.2,-104337940.3,-47393715.1,-132706032.7
190,106.44,30.47,Sichuan,Southwest_China,1480900.5,1757095.5,34246841.5,8548194.3,195084.6,1085614.4,1726863.0,8232164.5,-47704042.5,-32086327.0,-4527690.5,-104566477.0,-47293718.8,-131611778.7
191,119.9,36.91,Shandong,East_China,1837962.3,2180751.0,34160350.6,2435596.4,959592.9,1059587.5,2143229.1,10217032.1,-46560370.0,-39822702.1,-5619367.7,-102059565.8,-47065463.8,-139067903.6
192,115.39,27.96,Jiangxi,East_China,1452776.8,1723726.5,34154565.2,8932580.8,2672690.5,1084246.8,1694068.2,8075827.7,-47643946.7,-31476976.5,-4441705.2,-104434747.9,-44644265.4,-128206893.8
193,114.9,31.99,Henan,Central_South_China,1652727.6,1960969.1,33862794.2,5271215.5,190711.5,1061279.2,1927228.8,9187332.4,-46634706.2,-35809264.2,-5053032.8,-102222509.5,-47108251.2,-134605254.4
194,105.22,30.27,Sichuan,Southwest_China,1507498.5,1788654.0,33729140.3,7592026.0,191567.4,1066042.1,1757878.6,8380019.5,-46843997.7,-32662618.2,-4609010.7,-102681273.0,-46668446.6,-130784073.3
195,115.46,28.62,Jiangxi,East_China,1470230.8,1744435.8,33710222.8,8202641.9,2122889.9,1067794.8,1714421.1,8172852.7,-46921013.9,-31855148.5,-4495069.0,-102850091.3,-44644601.4,-127915832.9
196,108.18,23.01,Guangxi,Central_South_China,1235980.8,1466497.0,33656574.6,12104665.7,2549391.5,1081062.3,1441264.6,6870682.3,-47504013.8,-26779707.8,-3778875.3,-104128017.5,-43721898.7,-121784495.6
197,110.82,22.45,Guangdong,Central_South_China,1150602.3,1365195.0,33623791.0,13513899.3,1752545.4,1085441.7,1341705.5,6396072.5,-47696452.0,-24929831.5,-3517839.9,-104549838.8,-44320586.0,-120464709.4
198,114.84,30.27,Hubei,Central_South_China,1350949.7,1602908.2,33527676.6,10037506.1,741759.1,1069196.8,1575328.6,7509781.9,-46982619.5,-29270712.1,-4130380.0,-102985129.6,-45570022.8,-125953734.4
199,113.93,35.71,Henan,Central_South_China,1381201.5,1638802.2,33503228.8,9502848.7,1183915.9,1066401.2,1610605.0,7677948.7,-46859776.0,-29926172.3,-4222871.8,-102715858.8,-45150906.8,-126159726.8
200,111.48,29.11,Hunan,Central_South_China,1402065.2,1663557.0,33275510.2,8927556.0,842711.5,1057200.6,1634933.9,7793927.4,-46455484.0,-30378219.9,-4286660.1,-101829657.2,-45232195.5,-126352559.4
201,110.36,21.55,Guangdong,Central_South_China,1308060.4,1552019.8,33271245.8,10510355.4,700615.3,1063120.3,1525315.8,7271364.9,-46715608.5,-28341439.6,-3999250.7,-102399846.0,-45197748.1,-124254046.9
202,117.25,38.07,Hebei,North_China,1817893.4,2156939.1,33138074.1,1772965.3,184304.3,1025624.0,2119826.9,10105471.0,-45067945.0,-39387872.5,-5558009.0,-98788194.5,-46467096.5,-136480923.1
203,117.04,31.58,Anhui,East_China,1329963.1,1578007.5,33077841.2,9951135.0,189589.7,1055036.2,1550856.4,7393119.9,-46360375.1,-28816001.2,-4066215.9,-101621180.1,-45495631.2,-124738223.4
204,111.45,27.72,Hunan,Central_South_China,1449504.7,1719844.1,32971011.4,7828398.7,2162896.2,1043636.7,1690252.6,8057638.3,-45859459.4,-31406080.0,-4431701.1,-100523181.1,-43599998.4,-125297238.9
205,115.77,29.94,Hubei,Central_South_China,1475095.2,1750207.5,32948461.0,7374291.5,1592500.4,1041207.4,1720093.5,8199893.5,-45752710.4,-31960544.9,-4509941.4,-100289189.1,-44187439.2,-126410635.9
206,116.03,27.82,Jiangxi,East_China,1322076.2,1568649.7,32944859.1,9954009.6,3069351.8,1050958.6,1541659.6,7349277.6,-46181196.9,-28645118.0,-4042102.7,-101228424.5,-42427582.3,-121295999.9
207,111.68,26.46,Hunan,Central_South_China,1510911.2,1792703.3,32899229.6,6721423.5,3372951.2,1037197.9,1761858.1,8398990.5,-45576526.2,-32736561.1,-4619444.8,-99902996.2,-42407730.9,-125340263.0
208,121.83,39.65,Liaoning,Northeast_China,1586977.2,1882956.0,32834726.1,5374098.5,1215030.8,1030064.1,1850557.9,8821833.3,-45263051.1,-34384666.1,-4852008.3,-99215864.1,-44619620.2,-129119345.7
209,122.23,41.04,Liaoning,Northeast_China,1343994.8,1594656.2,32819068.3,9460757.5,251290.1,1045205.4,1567218.6,7471120.4,-45928392.6,-29120022.3,-4109116.2,-100674281.7,-45120970.4,-124278501.6
210,118.77,32.96,Jiangsu,East_China,1451020.8,1721643.0,32758823.0,7594941.4,186208.5,1036220.4,1692020.5,8066066.4,-45533572.0,-31438930.0,-4436336.5,-99808841.3,-45301897.2,-126710735.7
211,112.19,29.65,Hubei,Central_South_China,1496542.5,1775654.7,32659451.9,6729105.4,185064.6,1029855.2,1745102.9,8319116.5,-45253872.9,-32425237.8,-4575514.1,-99195745.5,-45255851.7,-127510476.4
212,113.08,28.82,Hunan,Central_South_China,1380572.3,1638055.6,32651144.1,8678759.6,990274.3,1037053.1,1609871.3,7674451.1,-45570160.5,-29912539.7,-4220948.1,-99889042.8,-44228861.4,-123932509.6
213,116.13,32.46,Anhui,East_China,1592323.8,1889299.7,32542105.9,4997184.4,183226.5,1019626.4,1856792.5,8851554.4,-44804400.4,-34500509.3,-4868354.9,-98210509.2,-45278395.6,-129451660.2
214,117.75,35.76,Shandong,East_China,1755316.8,2082691.7,32481359.8,2186049.8,1793397.2,1007012.2,2046857.0,9757614.9,-44250104.3,-38032041.5,-5366688.2,-96995501.3,-43885201.8,-131534035.8
215,105.5,30.67,Sichuan,Southwest_China,1393510.3,1653406.6,32395267.0,8209682.9,184622.1,1027392.8,1624958.1,7746371.8,-45145668.5,-30192863.3,-4260504.5,-98958563.3,-44723351.7,-124322388.1
216,118.59,37.23,Shandong,East_China,1700528.8,2017685.5,32380844.1,3012507.9,238753.2,1007081.2,1982969.3,9453054.2,-44253138.0,-36844962.1,-5199179.8,-97002151.1,-45208727.0,-131506006.9
217,113.59,34.87,Henan,Central_South_China,1480160.4,1756217.3,32315395.0,6668624.5,900125.3,1019045.8,1725999.9,8228050.0,-44778886.2,-32070290.2,-4525427.5,-98154582.4,-44060964.3,-125435568.2
218,120.56,31.78,Jiangsu,East_China,1464590.2,1737743.2,32158783.3,6778059.8,613806.4,1014649.1,1707843.6,8141497.1,-44585684.4,-31732934.6,-4477823.4,-97731087.4,-44114114.7,-124910557.1
219,114.88,28.19,Jiangxi,East_China,1347865.9,1599249.2,32133775.7,8724086.8,2064179.0,1021319.6,1571732.6,7492639.3,-44878801.1,-29203895.7,-4120951.6,-98373594.3,-42418746.3,-120622394.7
220,112.38,33.11,Henan,Central_South_China,1662163.6,1972165.0,32070404.4,3356074.1,204128.7,998850.0,1938232.0,9239786.3,-43891442.4,-36013712.4,-5081882.5,-96209320.2,-44767516.1,-129754553.4
221,81.21,43.84,Xinjiang,Northwest_China,1742602.0,2067605.5,32054090.3,1982142.7,1611421.2,993096.0,2032030.4,9686934.4,-43638602.6,-37756551.9,-5327813.9,-95655099.7,-43485177.1,-130208145.5
222,116.01,39.45,Hebei,North_China,1515098.3,1797671.2,32053309.6,5822066.0,181092.6,1007751.6,1766740.6,8422266.0,-44282595.5,-32827281.4,-4632246.3,-97066721.5,-44500725.6,-126242848.8
223,113.17,30.24,Hubei,Central_South_China,1538462.3,1825392.8,32003378.4,5378724.0,180512.2,1004521.6,1793985.2,8552144.2,-44140662.9,-33333504.8,-4703679.3,-96755607.6,-44478487.0,-126656334.0
224,118.85,35.94,Shandong,East_China,1658993.2,1968403.2,31996513.7,3337213.3,1349717.6,996506.1,1934535.0,9222162.0,-43788446.5,-35945018.7,-5072189.1,-95983555.0,-43519510.8,-128325165.1
225,112.5,30.94,Hubei,Central_South_China,1500593.0,1780460.7,31961192.0,5976702.5,419533.3,1005510.5,1749826.2,8341632.8,-44184119.6,-32512999.3,-4587898.1,-96850863.8,-44115412.8,-125400429.8
226,118.81,33.66,Jiangsu,East_China,1477119.0,1752608.7,31959238.7,6371074.3,180950.0,1006958.1,1722453.4,8211143.3,-44247728.9,-32004393.2,-4516128.8,-96990294.5,-44308749.1,-125077000.1
227,114.48,30.88,Hubei,Central_South_China,1413195.5,1676763.1,31909820.7,7401811.7,730487.0,1009379.1,1647912.8,7855799.6,-44354112.2,-30619377.9,-4320689.8,-97223484.9,-43578315.3,-122872495.3
228,121.19,31.38,Shanghai,East_China,1148585.7,1362802.4,31835566.1,11796178.2,1244071.4,1023895.2,1339354.1,6384862.9,-44991978.5,-24886140.0,-3511674.6,-98621677.3,-42486361.3,-115876154.4
229,114.49,36.82,Hebei,North_China,1432593.4,1699778.9,31824269.1,6990531.5,914392.7,1005176.5,1670532.5,7963630.5,-44169441.9,-31039668.1,-4379996.8,-96818690.6,-43317785.4,-122906892.2
230,112.47,28.05,Hunan,Central_South_China,1320997.7,1567370.0,31818623.7,8868945.8,1664474.2,1012183.9,1540401.9,7343282.0,-44477359.4,-28621749.1,-4038805.1,-97493640.7,-42357361.5,-119495275.0
231,106.18,37.99,Ningxia,Northwest_China,1548107.6,1836837.0,31808238.1,5024732.1,251960.1,997168.6,1805232.5,8605761.3,-43817559.9,-33542487.0,-4733168.7,-96047371.0,-44169333.8,-126262549.4
232,105.53,29.03,Sichuan,Southwest_China,1340664.3,1590704.6,31793186.9,8512017.5,181503.4,1010037.3,1563335.0,7452606.9,-44383035.3,-29047862.3,-4098933.8,-97286883.9,-43842828.1,-121372659.5
233,116.66,35.29,Shandong,East_China,1631529.6,1935817.5,31722639.9,3532560.8,1481516.8,988832.5,1902509.9,9069494.8,-43451253.5,-35349971.0,-4988222.1,-95244433.5,-42979531.7,-126768978.5
234,115.18,37.52,Hebei,North_China,1837561.4,2180275.3,31717573.1,49394.8,175272.1,975361.0,2142761.6,10214803.3,-42859290.2,-39814014.9,-5618141.8,-93946859.7,-44653857.2,-132945304.2
235,116.19,37.99,Hebei,North_China,1740222.2,2064781.8,31615981.2,1593142.2,176524.3,978139.1,2029255.3,9673705.3,-42981363.5,-37704988.8,-5320537.9,-94214442.2,-44342691.0,-130349581.1
236,115.83,37.41,Hebei,North_China,1799577.0,2135206.6,31582522.6,558346.2,346277.5,973154.5,2098468.3,10003652.0,-42762330.7,-38991015.1,-5502008.6,-93734325.9,-44237121.3,-131492475.7
237,112.3,26.43,Hunan,Central_South_China,1285553.3,1525315.1,31535005.0,9189476.7,3261755.7,1004689.2,1499070.6,7146250.7,-44148029.8,-27853784.8,-3930437.9,-96771755.6,-40324639.2,-116256891.7
238,115.64,33.7,Anhui,East_China,1655418.4,1964161.7,31418769.4,2831597.7,175532.5,976810.1,1930366.5,9202290.3,-42922968.3,-35867565.0,-5061259.7,-94086440.9,-43931494.2,-127783287.1
239,111.57,30.51,Hubei,Central_South_China,1300733.8,1543326.8,31402626.4,8803522.3,198915.5,999143.7,1516772.4,7230637.4,-43904349.6,-28182696.8,-3976850.6,-96237612.7,-43241934.3,-119305831.2
240,119.74,35.91,Shandong,East_China,1770219.3,2100373.6,31381419.7,856955.2,1499666.5,968113.0,2064234.7,9840456.2,-42540798.8,-38354930.4,-5412250.9,-93248731.7,-42767293.5,-129075273.7
241,117.0,25.09,Fujian,East_China,1007182.6,1195026.9,31271650.6,13630910.5,5709692.1,1013571.3,1174465.3,5598818.0,-44538325.4,-21822390.3,-3079349.9,-97627277.2,-37025959.9,-106466025.6
242,116.55,23.45,Guangdong,Central_South_China,1049015.1,1244661.4,31263401.8,12916618.5,6429830.9,1010587.0,1223245.8,5831360.6,-44407191.2,-22728766.1,-3207248.3,-97339833.1,-36371112.0,-106714317.7
243,120.32,30.26,Zhejiang,East_China,1104969.3,1311051.3,31243933.8,11952935.9,2100539.8,1006304.4,1288493.4,6142403.9,-44219005.8,-23941113.0,-3378322.1,-96927333.9,-40776702.1,-112315143.1
244,122.72,42.25,Liaoning,Northeast_China,1795764.7,2130683.3,31057347.1,108237.3,988839.7,955287.0,2094022.8,9982460.0,-41977198.1,-38908415.2,-5490353.0,-92013328.3,-42900686.5,-129276652.8
245,114.91,26.84,Jiangxi,East_China,1289534.9,1530039.2,31050479.3,8647614.3,3150476.4,987720.8,1503713.5,7168383.8,-43402402.7,-27940052.2,-3942611.1,-95137353.3,-39809391.1,-115094457.1
246,125.65,44.29,Jilin,Northeast_China,2096247.3,2487207.3,31011950.8,0.0,167898.6,934328.9,2444412.5,11652809.8,-41056260.3,-45418901.3,-6409045.4,-89994647.7,-39199792.5,-132083999.6
247,110.14,22.19,Guangxi,Central_South_China,1105242.0,1311374.8,30998265.1,11707673.1,1099935.2,997813.6,1288811.4,6143919.6,-43845902.8,-23947020.8,-3379155.8,-96109498.2,-41456463.4,-112628542.8
248,106.11,31.4,Sichuan,Southwest_China,1384059.8,1642193.4,30961459.7,6964653.4,175845.1,978550.1,1613937.9,7693837.2,-42999424.3,-29988100.4,-4231610.4,-94254031.2,-42839494.6,-120058629.7
249,107.07,30.91,Sichuan,Southwest_China,1377843.1,1634817.3,30916856.6,7025908.9,175640.8,977412.9,1606688.7,7659279.3,-42949454.6,-29853405.0,-4212603.6,-94144498.5,-42770051.0,-119785514.3
250,124.28,43.28,Jilin,Northeast_China,1923021.3,2281673.8,30852300.2,0.0,168918.1,940002.1,2242415.4,10689865.4,-41305547.9,-41665653.8,-5879426.0,-90541082.0,-41442885.8,-130293513.4
251,109.14,34.66,Shaanxi,Northwest_China,1400530.1,1661735.6,30816210.2,6544314.5,551258.2,972477.4,1633143.9,7785394.3,-42732579.3,-30344960.6,-4281966.9,-93669111.4,-42304047.1,-119663553.8
252,109.77,23.06,Guangxi,Central_South_China,1227980.6,1457004.8,30780801.4,9422585.5,1889966.8,982392.0,1431935.7,6826210.5,-43168246.3,-26606370.8,-3754415.8,-94624086.4,-40605209.0,-114134241.9
253,115.92,28.84,Jiangxi,East_China,1247566.2,1480243.2,30704484.7,9017184.1,2094237.1,978495.8,1454774.2,6935084.4,-42997039.9,-27030726.5,-3814296.4,-94248804.7,-40336735.0,-114178797.8
254,105.0,29.04,Sichuan,Southwest_China,1383743.2,1641817.9,30697122.4,6711049.5,174210.5,969453.4,1613568.8,7692077.6,-42599698.4,-29981242.0,-4230642.7,-93377838.6,-42494795.4,-119306378.5
255,113.39,31.74,Hubei,Central_South_China,1334423.6,1583299.9,30652376.1,7499823.5,403090.4,971093.0,1556057.7,7417915.0,-42671747.3,-28912644.6,-4079853.3,-93535768.6,-42117689.4,-117781934.6
256,114.07,34.79,Henan,Central_South_China,1454082.4,1725275.6,30578221.1,5407116.0,726013.3,960813.0,1695590.6,8083085.3,-42220020.1,-31505264.5,-4445696.9,-92545590.0,-41915392.7,-120086374.2
257,122.43,41.64,Liaoning,Northeast_China,1823105.5,2163123.2,30576743.7,0.0,750019.1,936946.3,2125904.7,10134444.4,-41171271.2,-39500801.6,-5573944.4,-90246749.7,-41736462.9,-127982480.1
258,112.97,29.68,Hunan,Central_South_China,1416673.1,1680889.3,30541198.0,6002386.3,172862.2,961950.3,1651968.0,7875131.2,-42269997.4,-30694726.3,-4331322.2,-92655139.6,-42352081.1,-119648127.0
259,120.18,36.5,Shandong,East_China,1696860.2,2013332.7,30535562.0,1266783.0,1239709.1,943673.4,1978691.4,9432660.9,-41466875.0,-36765475.6,-5187963.5,-90894708.5,-41787435.8,-125207750.0
260,112.03,29.14,Hunan,Central_South_China,1356206.5,1609145.4,30443876.7,6927839.2,549243.5,962496.0,1581458.5,7539003.8,-42293976.4,-29384609.7,-4146452.1,-92707701.1,-41738431.6,-117563469.8
261,103.8,29.99,Sichuan,Southwest_China,1284510.8,1524078.2,30375724.7,8071433.3,173369.3,964772.4,1497854.9,7140455.5,-42394008.0,-27831196.8,-3927250.5,-92926968.7,-41894769.5,-116047224.9
262,113.05,22.66,Guangdong,Central_South_China,1043781.0,1238451.1,30354424.7,12114535.8,3154101.6,979573.8,1217142.4,5802265.0,-43044409.9,-22615361.0,-3191245.7,-94352638.9,-38448363.4,-107299380.0
263,114.41,27.97,Jiangxi,East_China,1261355.5,1496604.3,30190752.3,8281137.3,1902636.0,959887.1,1470853.8,7011737.7,-42179334.1,-27329496.1,-3856455.7,-92456407.1,-39881443.2,-113246729.1
264,119.53,32.5,Jiangsu,East_China,1306263.8,1549888.2,30168320.1,7501026.7,171831.5,956215.1,1523220.9,7261378.0,-42017981.3,-28302513.6,-3993757.9,-92102724.4,-41664580.2,-115978833.0
265,118.17,33.3,Jiangsu,East_China,1454154.1,1725360.7,30089026.7,4926685.7,190378.9,943935.8,1695674.2,8083483.9,-41478405.1,-31506817.9,-4445916.1,-90919982.2,-41811282.2,-119242421.4
266,120.26,37.26,Shandong,East_China,1606266.9,1905843.2,30078902.4,2348819.9,911963.7,933769.7,1873051.4,8929062.2,-41031685.4,-34802610.1,-4910984.2,-89940780.0,-41353100.6,-122098380.4
267,117.59,32.1,Anhui,East_China,1334015.4,1582815.6,30010579.3,6878003.0,170532.0,948983.5,1555581.7,7415646.2,-41700212.4,-28903801.4,-4078605.4,-91406180.1,-41510023.3,-116192642.5
268,120.32,33.65,Jiangsu,East_China,1507724.8,1788922.6,29996259.0,3931435.2,168428.7,937278.9,1758142.5,8381277.9,-41185887.7,-32667522.9,-4609702.8,-90278788.8,-41809319.2,-120272432.6
269,104.78,30.75,Sichuan,Southwest_China,1305079.2,1548482.7,29986853.2,7343257.5,170720.6,950032.7,1521839.6,7254793.1,-41746313.5,-28276847.8,-3990136.2,-91507233.0,-41426174.6,-115439472.2
270,120.09,31.79,Jiangsu,East_China,1256457.9,1490793.2,29889796.3,8068999.2,558428.1,949823.0,1465142.7,6984512.1,-41737101.3,-27223379.7,-3841481.7,-91487040.0,-40823087.6,-113625050.3
271,115.8,36.5,Shandong,East_China,1550158.2,1839270.0,29851463.7,3073237.9,1174065.3,929546.3,1807623.6,8617160.2,-40846102.8,-33586916.5,-4739438.1,-89533986.0,-40691460.7,-119863918.1
272,112.64,27.34,Hunan,Central_South_China,1201956.0,1426126.5,29829277.2,8929806.7,2249661.2,951253.1,1401588.6,6681542.4,-41799941.3,-26042501.4,-3674848.3,-91624784.3,-38953572.5,-110470863.6
273,116.08,38.51,Hebei,North_China,1563315.8,1854881.6,29697850.4,2700631.0,165934.5,923399.0,1822966.6,8690302.2,-40575976.4,-33872000.2,-4779666.2,-88941873.2,-41522592.2,-120750234.9
274,123.7,42.38,Liaoning,Northeast_China,1562789.5,1854257.2,29510041.3,2525536.3,613682.2,916955.3,1822352.9,8687376.5,-40292829.9,-33860596.8,-4778057.1,-88321220.7,-40828229.6,-119759713.3
275,122.72,41.0,Liaoning,Northeast_China,1500224.4,1780023.4,29355992.5,3430844.3,529546.7,915679.9,1749396.4,8339583.9,-40236785.0,-32505013.4,-4586771.2,-88198371.3,-40597079.8,-117925649.4
276,116.92,32.05,Anhui,East_China,1293094.4,1534262.6,29328300.6,6900459.5,166777.9,928092.4,1507864.1,7188170.5,-40782214.4,-28017174.5,-3953493.8,-89393943.5,-40546921.6,-113299804.3
277,117.41,36.17,Shandong,East_China,1660411.0,1970085.5,29292633.7,664528.6,1469586.7,903156.6,1936188.3,9230043.6,-39686487.9,-35975738.6,-5076524.0,-86992129.2,-39865495.0,-120604245.5
278,118.38,24.89,Fujian,East_China,975355.1,1157263.5,29209813.1,12148419.5,6152996.8,944511.7,1137351.7,5421892.9,-41503711.6,-21132792.8,-2982041.1,-90975453.6,-33827849.4,-99446394.9
279,118.37,35.93,Shandong,East_China,1579907.4,1874567.6,29077210.5,1812548.6,1282330.5,900922.1,1842313.9,8782533.0,-39588297.0,-34231486.4,-4830393.2,-86776896.3,-39624562.6,-118274739.2
280,126.63,44.62,Jilin,Northeast_China,1966586.5,2333364.1,29035313.4,0.0,157151.3,874521.9,2293216.4,10932039.6,-38428218.7,-42609570.8,-6012621.8,-84234023.7,-36641830.6,-123692241.8
281,117.43,37.29,Shandong,East_China,1505523.8,1786311.2,28914835.2,2909217.9,539567.5,900122.2,1755576.0,8369042.8,-39553148.6,-32619834.6,-4602973.5,-86699851.5,-40019655.0,-116795611.7
282,107.16,30.06,Chongqing,Southwest_China,1218797.5,1446109.0,28868956.8,7704751.3,164792.6,917044.4,1421227.3,6775162.4,-40296741.4,-26407401.7,-3726339.3,-88329794.7,-39812953.6,-110243436.0
283,109.15,22.3,Guangxi,Central_South_China,1087921.6,1290824.1,28817896.4,9864161.9,1185609.7,923729.6,1268614.3,6047637.5,-40590505.5,-23571743.9,-3326200.6,-88973720.9,-38487325.9,-105975775.9
284,114.03,30.95,Hubei,Central_South_China,1314599.7,1559778.7,28757103.7,5977859.5,460508.7,907003.7,1532941.2,7307716.1,-39855534.8,-28483124.7,-4019243.8,-87362677.2,-39545166.0,-111903069.4
285,121.16,30.87,Shanghai,East_China,1157419.7,1373283.9,28749542.3,8623943.5,1503217.5,916886.9,1349655.3,6433969.9,-40289820.4,-25077543.3,-3538683.4,-88314624.1,-38206705.1,-107112752.2
286,112.63,22.3,Guangdong,Central_South_China,1082146.9,1283972.4,28727477.1,9873073.5,2479131.3,920983.7,1261880.5,6015536.7,-40469844.5,-23446625.3,-3308545.2,-88709233.8,-37065031.7,-104290046.7
287,122.88,41.76,Liaoning,Northeast_China,1410830.5,1673957.0,28705604.8,4302854.3,978275.4,899017.0,1645155.0,7842652.8,-39504584.0,-30568135.8,-4313459.0,-86593398.8,-39135051.9,-113521230.8
288,118.69,39.98,Hebei,North_China,1318563.0,1564481.2,28492293.5,5651540.7,987358.0,897614.5,1537562.8,7329747.7,-39442955.3,-28568996.8,-4031361.2,-86458309.6,-38679148.2,-110722461.5
289,111.94,27.27,Hunan,Central_South_China,1290489.2,1531171.6,28362117.1,5997955.7,2169148.6,894936.5,1504826.3,7173688.8,-39325277.0,-27960729.4,-3945528.8,-86200360.7,-37276027.0,-108507562.2
290,120.54,41.74,Liaoning,Northeast_China,1279688.3,1518356.2,28294024.2,6113590.8,1068905.0,893285.0,1492231.5,7113647.7,-39252707.2,-27726708.6,-3912506.2,-86041289.0,-38267560.2,-109159482.3
291,105.96,30.5,Sichuan,Southwest_China,1305752.6,1549281.7,28258727.4,5638998.9,160002.0,890385.5,1522624.8,7258536.5,-39125296.5,-28291438.6,-3992195.1,-85762006.8,-39177697.4,-110586627.6
292,114.37,38.43,Hebei,North_China,1385613.4,1644036.8,28231486.5,4264114.8,348640.2,884291.9,1615749.6,7702473.7,-38857534.4,-30021762.9,-4236360.5,-85175076.6,-39098669.6,-112214327.4
293,106.63,31.24,Sichuan,Southwest_China,1294622.1,1536075.2,28164053.0,5734159.4,159544.3,887838.4,1509645.6,7196663.0,-39013375.3,-28050275.6,-3958164.7,-85516677.3,-39034076.2,-110055891.8
294,117.79,32.63,Anhui,East_China,1373566.3,1629742.8,28090628.9,4329507.5,158173.7,880211.2,1601701.6,7635505.0,-38678218.3,-29760740.2,-4199527.7,-84782018.7,-39082981.8,-111721468.0
295,105.8,31.02,Sichuan,Southwest_China,1292653.1,1533739.0,27988343.4,5595273.6,158478.1,881905.2,1507349.5,7185717.3,-38752657.9,-28007612.8,-3952144.5,-84945189.1,-38801729.9,-109514145.1
296,103.75,29.52,Sichuan,Southwest_China,1188909.5,1410646.7,27971127.4,7329793.9,159574.5,888006.7,1386375.2,6609018.1,-39020771.2,-25759825.0,-3634960.0,-85532889.1,-38589437.1,-107004993.2
297,125.17,44.19,Jilin,Northeast_China,1950543.6,2314329.3,27963858.4,0.0,150696.6,838602.3,2274509.0,10842859.4,-36849842.0,-42261975.2,-5963572.7,-80774247.9,-34438849.4,-119514239.2
298,118.44,36.46,Shandong,East_China,1378469.4,1635560.4,27953824.2,4112718.2,792523.8,875176.3,1607419.1,7662760.9,-38456975.5,-29866975.2,-4214518.5,-84297058.1,-38278605.8,-110817075.1
299,104.44,29.96,Sichuan,Southwest_China,1292202.7,1533204.6,27904188.4,5520437.7,157961.7,879031.7,1506824.3,7183213.7,-38626391.8,-27997854.6,-3950767.6,-84668415.8,-38691350.9,-109266364.8
300,119.64,32.99,Jiangsu,East_China,1271625.6,1508789.8,27903121.6,5866771.8,158193.7,880322.9,1482829.6,7068828.1,-38683129.2,-27552016.2,-3887855.5,-84792783.3,-38652300.1,-108775301.0
301,112.0,28.67,Hunan,Central_South_China,1176586.9,1396025.9,27820422.3,7390189.5,913579.7,883604.1,1372006.0,6540518.3,-38827311.5,-25492834.8,-3597285.1,-85108828.7,-37615895.9,-105533327.3
302,116.45,31.95,Anhui,East_China,1259692.7,1494631.4,27752603.1,5920771.6,157399.2,875901.6,1468914.8,7002494.5,-38488847.2,-27293469.3,-3851372.0,-84366920.4,-38434511.5,-108068200.0
303,113.34,27.59,Hunan,Central_South_China,1188007.2,1409576.1,27626625.7,7007548.8,1890719.3,876183.0,1385323.0,6604002.4,-38501211.3,-25740275.2,-3632201.3,-84394022.3,-36406036.7,-104279724.4
304,114.28,32.18,Henan,Central_South_China,1428691.0,1695148.7,27545702.4,2865082.5,154156.9,857858.8,1665982.0,7941937.6,-37696012.4,-30955116.1,-4368065.7,-82629039.4,-38474479.4,-111493673.6
305,113.81,23.02,Guangdong,Central_South_China,892583.9,1059055.0,27407348.7,11780040.5,3540944.5,887685.8,1040832.9,4961776.3,-39006668.9,-19339406.8,-2728977.0,-85501977.1,-33931709.5,-95006762.2
306,118.3,28.55,Jiangxi,East_China,1100235.1,1305434.2,27333053.7,8201719.0,2655855.9,871722.1,1282972.9,6116087.1,-38305192.5,-23838538.4,-3363847.9,-83964352.3,-35097272.3,-100604851.1
307,120.06,34.16,Jiangsu,East_China,1417798.6,1682224.7,27281293.5,2789949.3,152644.5,849442.2,1653280.5,7881387.8,-37326170.1,-30719112.4,-4334763.3,-81818351.4,-38110330.2,-110490376.1
308,120.8,37.57,Shandong,East_China,1338301.8,1587901.4,27280820.7,4131541.3,1105631.1,854556.4,1560580.0,7439473.6,-37550898.1,-28996673.1,-4091710.5,-82310951.3,-37012145.0,-107651426.6
309,111.69,34.6,Henan,Central_South_China,1504977.1,1785662.4,27089596.5,1130425.3,1202598.4,837204.3,1754938.4,8366003.5,-36788409.8,-32607988.2,-4601301.9,-80639589.5,-36968183.7,-110965883.6
310,123.98,42.78,Liaoning,Northeast_China,1614608.9,1915741.1,27066168.9,0.0,261100.6,829320.9,1882779.0,8975435.0,-36441999.4,-34983356.0,-4936489.2,-79880263.7,-37335109.2,-113696953.8
311,87.48,44.25,Xinjiang,Northwest_China,1424582.2,1690273.5,27034785.0,2433948.2,151038.0,840502.3,1661190.7,7919096.8,-36933330.2,-30866089.8,-4355503.2,-80957252.6,-37801836.1,-109956759.3
312,113.13,33.7,Henan,Central_South_China,1376454.6,1633169.9,26977395.0,3190211.6,151240.4,841628.9,1605069.6,7651560.9,-36982835.8,-29823321.1,-4208358.5,-81065768.2,-37639037.4,-108653552.7
313,121.3,37.0,Shandong,East_China,1344118.2,1594802.5,26919992.6,3679878.9,1545975.6,841735.9,1567362.4,7471806.2,-36987540.7,-29122695.2,-4109493.4,-81076081.1,-36110408.7,-106330138.0
314,116.6,38.27,Hebei,North_China,1444593.6,1714017.2,26899168.4,1963265.6,149965.4,834533.3,1684525.9,8030338.4,-36671042.5,-31299673.9,-4416686.1,-80382322.3,-37661914.5,-110049316.9
315,105.89,29.77,Chongqing,Southwest_China,1228039.5,1457074.6,26848655.5,5569621.4,152163.7,846766.9,1432004.3,6826537.5,-37208610.6,-26607645.4,-3754595.6,-81560662.7,-37199799.3,-104770650.9
316,76.02,39.35,Xinjiang,Northwest_China,1474941.1,1750024.6,26730279.9,1285498.9,2717971.2,826749.7,1719913.7,8199036.6,-36329016.8,-31957205.2,-4509470.1,-79632607.8,-34928192.0,-107723884.2
317,115.9,33.28,Anhui,East_China,1487090.0,1764439.3,26709446.5,1059994.5,148296.6,825247.1,1734080.4,8266570.9,-36262989.2,-32220432.1,-4546614.0,-79487876.3,-37492711.1,-110522746.4
318,103.71,24.98,Yunnan,Southwest_China,1132126.4,1343273.3,26600694.5,6945907.9,2699659.7,844404.6,1320161.0,6293367.2,-37104805.6,-24529519.4,-3461352.0,-81333124.0,-34153529.4,-99249206.4
319,105.35,29.48,Chongqing,Southwest_China,1203308.0,1427730.6,26596576.3,5740195.9,150888.2,839668.7,1403165.1,6689057.7,-36896701.0,-26071793.7,-3678981.8,-80876962.1,-36826371.5,-103473848.0
320,113.86,33.92,Henan,Central_South_China,1283103.8,1522408.8,26552844.1,4350252.2,149691.7,833010.5,1496214.3,7132634.2,-36604129.0,-27800712.0,-3922948.8,-80235649.0,-36915489.4,-105243279.2
321,124.82,43.74,Jilin,Northeast_China,1992805.6,2364473.2,26478695.2,0.0,141001.5,784650.9,2323790.2,11077788.8,-34479113.0,-43177654.3,-6092783.8,-75577648.9,-30414443.5,-114163994.6
322,115.34,38.87,Hebei,North_China,1231203.4,1460828.7,26422680.0,5098918.0,149486.9,831870.6,1435693.7,6844125.5,-36554039.4,-26676198.0,-3764269.0,-80125853.4,-36651046.5,-103645552.9
323,114.86,27.3,Jiangxi,East_China,1114159.4,1321955.4,26370185.8,7023415.1,2309563.6,837613.8,1299209.9,6193490.8,-36806404.5,-24140233.4,-3406420.0,-80679033.6,-34209439.6,-98562497.4
324,117.58,35.35,Shandong,East_China,1427451.3,1693677.7,26358077.0,1722601.2,1638185.2,816977.2,1664536.4,7935046.1,-35899590.7,-30928255.3,-4364275.4,-78691312.6,-35434760.5,-106626881.9
325,127.06,46.64,Heilongjiang,Northeast_China,1565492.4,1857464.1,26337044.5,0.0,145079.3,807342.9,1825504.7,8702401.4,-35476244.6,-33919159.0,-4786320.8,-77763345.1,-36523015.8,-110704740.3
326,126.02,44.62,Jilin,Northeast_China,1770988.1,2101285.7,26286099.3,0.0,142380.3,792323.7,2065131.1,9844729.6,-34816269.5,-38371586.8,-5414601.3,-76316690.5,-33313752.6,-111916210.2
327,110.29,19.79,Hainan,Central_South_China,1008803.0,1196949.6,26217063.9,8652028.5,150791.7,839131.9,1176354.9,5607826.0,-36873116.0,-21857500.4,-3084304.3,-80825264.1,-35976314.5,-97791235.1
328,123.22,42.26,Liaoning,Northeast_China,1530260.1,1815660.9,26156109.4,0.0,685370.3,803376.2,1784420.7,8506549.2,-35301938.5,-33155790.1,-4678602.0,-77381268.9,-36099522.1,-109235852.7
329,119.17,31.82,Jiangsu,East_China,1303698.2,1546844.0,26150230.8,3608177.3,515567.6,817795.1,1520229.1,7247115.9,-35935534.3,-28246924.5,-3985913.7,-78770100.6,-36060442.6,-104228815.2
330,113.31,27.07,Hunan,Central_South_China,1117874.9,1326363.9,26104529.7,6700451.3,2216462.8,828211.4,1303542.5,6214144.8,-36393245.5,-24220735.9,-3417779.6,-79773395.8,-33961814.6,-97993575.6
331,125.32,44.65,Jilin,Northeast_China,1945506.7,2308352.9,26084212.5,0.0,139105.1,774097.6,2268635.5,10814859.6,-34015378.6,-42152841.1,-5948172.8,-74561150.9,-30226380.9,-112342773.4
332,112.48,37.52,Shanxi,North_China,1226134.5,1454814.4,26029331.1,4799162.2,180961.7,818631.0,1429782.9,6815947.9,-35972263.8,-26566370.7,-3748771.4,-78850610.9,-36095845.1,-102383251.0
333,115.81,34.58,Shandong,East_China,1404112.5,1665986.1,25976855.5,1743156.0,442469.5,805334.9,1637321.2,7805308.0,-35388006.7,-30422577.9,-4292919.4,-77569928.9,-36089385.2,-106192889.2
334,113.23,30.98,Hubei,Central_South_China,1182353.6,1402868.1,25964065.6,5474331.6,278254.1,819205.5,1378730.4,6572574.4,-35997506.9,-25617779.2,-3614915.9,-78905943.4,-35833560.3,-101063762.3
335,107.64,31.04,Sichuan,Southwest_China,1122571.2,1331936.0,25958155.8,6477780.5,147867.6,822859.8,1309018.8,6240250.7,-36158086.6,-24322488.4,-3432137.9,-79257931.4,-35847491.0,-99760203.9
336,114.79,38.74,Hebei,North_China,1271613.6,1508775.5,25882949.4,3887993.5,257075.0,810647.1,1482815.6,7068761.1,-35621437.4,-27551755.2,-3887818.6,-78081605.2,-35910974.4,-102971985.6
337,115.95,35.83,Shandong,East_China,1344784.3,1595592.9,25810433.6,2581698.0,1441935.3,803423.8,1568139.2,7475509.1,-35304029.8,-29137127.9,-4111530.0,-77385853.0,-34764336.9,-103317024.5
338,121.56,41.92,Liaoning,Northeast_China,1362463.0,1616568.8,25727305.0,2201814.2,753105.5,799415.7,1588754.2,7573783.3,-35127907.1,-29520169.1,-4165580.8,-76999794.9,-35376585.1,-104190242.1
339,116.49,38.8,Hebei,North_China,1403342.5,1665072.5,25678736.1,1464113.7,142879.6,795102.3,1636423.3,7801027.8,-34938367.4,-30405895.1,-4290565.3,-76584327.0,-35997629.1,-105632456.9
340,114.22,36.49,Hebei,North_China,1232931.6,1462879.2,25675739.3,4338031.5,828642.2,805996.8,1437709.0,6853732.5,-35417092.2,-26713642.9,-3769552.9,-77633684.0,-34998021.9,-100898309.9
341,117.43,39.72,Tianjin,North_China,1389499.3,1648647.4,25611895.2,1632335.2,142625.9,793690.4,1620280.9,7724074.8,-34876322.7,-30105957.0,-4248241.2,-76448326.2,-35885277.1,-105115798.0
342,119.04,32.51,Anhui,East_China,1222354.7,1450329.6,25503360.9,4347727.0,143891.6,800734.0,1425375.3,6794936.2,-35185834.8,-26484474.0,-3737214.9,-77126771.4,-35438062.1,-100845585.8
343,122.78,45.55,Jilin,Northeast_China,1282182.6,1521315.7,25501992.3,3336379.4,143189.3,796825.7,1495140.0,7127513.1,-35014095.1,-27780751.3,-3920132.2,-76750320.8,-35545782.8,-102260761.4
344,115.72,29.44,Jiangxi,East_China,1087766.9,1290640.6,25454494.9,6571950.1,1338062.1,807734.5,1268433.9,6046777.6,-35493451.1,-23568392.5,-3325727.7,-77801061.3,-33935200.6,-96322771.8
345,104.75,30.29,Sichuan,Southwest_China,1171791.5,1390336.2,25401503.1,5101546.3,143846.7,800484.1,1366414.1,6513861.3,-35174853.0,-25388934.2,-3582623.7,-77102699.7,-35212916.4,-99359327.3
346,110.26,25.26,Guangxi,Central_South_China,899946.8,1067791.1,25399083.2,9688422.7,3383134.1,817944.7,1049418.8,5002706.1,-35942107.9,-19498937.7,-2751488.3,-78784509.7,-31476062.3,-89668596.2
347,104.98,28.55,Sichuan,Southwest_China,1113530.9,1321209.7,25390358.5,6074177.2,144453.3,803859.7,1298477.0,6189996.8,-35323183.5,-24126614.7,-3404498.2,-77427837.5,-35091774.5,-97946070.8
348,112.26,25.57,Hunan,Central_South_China,1100754.5,1306050.4,25329296.7,6230049.4,3292447.6,802578.2,1283578.6,6118974.3,-35266872.0,-23849792.0,-3365435.9,-77304403.7,-31840673.9,-94322773.9
349,118.43,31.13,Anhui,East_China,1108674.8,1315447.9,25298914.3,6066577.5,814299.9,801019.1,1292814.4,6163002.3,-35198364.1,-24021398.7,-3389651.2,-77154235.6,-34293485.4,-96902899.5
350,103.83,30.94,Sichuan,Southwest_China,996918.8,1182848.8,25265267.5,7920267.7,145030.4,807071.1,1162496.8,5541762.6,-35464298.0,-21600006.5,-3047969.4,-77737158.3,-34715494.7,-94827768.6
351,119.53,31.44,Jiangsu,East_China,1254744.0,1488759.7,25191628.8,3495557.7,791091.5,787891.9,1463144.2,6974985.3,-34621528.1,-27186247.1,-3836241.9,-75889820.5,-34442017.2,-100086034.3
352,111.75,21.95,Guangdong,Central_South_China,970833.4,1151898.4,24992137.1,8093076.0,1492419.6,799334.2,1132078.9,5396756.9,-35124323.1,-21034820.9,-2968216.3,-76991939.0,-32963404.5,-92090764.9
353,120.5,30.72,Zhejiang,East_China,1022490.0,1213189.3,24919243.3,7149607.5,1297707.3,793486.3,1192315.2,5683910.6,-34867354.3,-22154053.8,-3126150.8,-76428667.5,-33156717.9,-93304276.8
354,107.65,30.07,Chongqing,Southwest_China,1094215.1,1298291.4,24888962.0,5909089.9,141569.7,787812.9,1275953.1,6082622.6,-34618056.0,-23708104.9,-3345442.5,-75882209.7,-34403692.8,-96075296.1
355,112.21,32.27,Hubei,Central_South_China,1119412.2,1328187.9,24867542.2,5462732.8,141144.7,785448.0,1305335.2,6222690.6,-34514136.4,-24254044.6,-3422479.8,-75654419.7,-34421926.0,-96612586.9
356,112.39,30.48,Hubei,Central_South_China,1124678.9,1334436.8,24846354.2,5353066.3,140952.3,784377.3,1311476.5,6251967.1,-34467088.7,-24368155.2,-3438581.9,-75551292.0,-34403982.4,-96677808.4
357,123.17,41.34,Liaoning,Northeast_China,1044978.3,1239871.6,24789827.3,6643187.3,794449.3,787571.3,1218538.5,5808920.1,-34607440.3,-22641300.6,-3194906.1,-75858940.3,-33531596.5,-93975243.5
358,114.3,33.13,Henan,Central_South_China,1318472.6,1564374.0,24787597.2,2023907.0,138340.7,769843.8,1537457.4,7329245.4,-33828459.8,-28567039.1,-4031085.0,-74151427.8,-34682189.7,-101108773.6
359,114.67,25.68,Jiangxi,East_China,985325.3,1169093.1,24780359.3,7640965.8,3329410.7,791094.6,1148977.8,5477315.8,-34762260.1,-21348813.7,-3012523.7,-76198302.8,-30875760.5,-89999358.0
360,102.76,37.84,Gansu,Northwest_China,1183526.9,1404260.2,24750994.0,4266186.1,1215670.1,777290.4,1380098.6,6579096.8,-34155676.4,-25643201.4,-3618503.3,-74868681.3,-33311558.1,-96728939.2
361,126.92,44.99,Jilin,Northeast_China,1612965.3,1913791.0,24749841.6,0.0,134691.4,749535.9,1880862.4,8966298.4,-32936088.6,-34947744.5,-4931464.1,-72195364.9,-32187378.9,-105002676.1
362,114.49,23.34,Guangdong,Central_South_China,911416.1,1081399.5,24647405.2,8758448.6,3703371.2,791278.9,1062792.9,5066462.4,-34770356.7,-19747439.5,-2786554.3,-76216050.4,-30193475.6,-87497826.1
363,80.32,41.09,Xinjiang,Northwest_China,1397376.5,1657993.8,24601027.6,509096.8,594303.4,758316.7,1629466.4,7767863.4,-33321936.4,-30276630.8,-4272324.9,-73041136.9,-34125692.2,-101996584.3
364,111.05,27.31,Hunan,Central_South_China,1089363.8,1292535.3,24586565.8,5694759.3,2006384.0,777696.2,1270296.0,6055654.5,-34173509.3,-23602991.8,-3330610.0,-74907770.6,-32134515.6,-93241626.6
365,122.3,39.63,Liaoning,Northeast_China,1402033.0,1663518.7,24556090.1,386465.5,920000.0,756466.3,1634896.3,7793748.2,-33240624.9,-30377521.6,-4286561.5,-72862903.4,-33749685.3,-101654393.3
366,112.67,23.02,Guangdong,Central_South_China,863945.5,1025075.4,24537850.7,9452519.4,2552925.9,790563.9,1007438.0,4802578.8,-34738939.8,-18718906.2,-2641418.4,-76147185.0,-31114287.3,-87213551.7
367,126.45,44.05,Jilin,Northeast_China,1606937.8,1906639.3,24466588.4,0.0,133005.7,740155.4,1873833.7,8932791.9,-32523890.1,-34817146.9,-4913035.5,-71291832.5,-31631880.4,-103885952.9
368,104.39,29.44,Sichuan,Southwest_China,1213205.9,1439474.5,24409949.5,3431058.4,137220.9,763612.2,1414707.0,6744079.2,-33554630.9,-26286249.4,-3709243.5,-73551199.4,-33997891.8,-97548015.6
369,116.49,39.95,Beijing,North_China,810095.1,961181.6,24381315.2,10208271.7,357068.0,788640.3,944643.6,4503230.1,-34654412.2,-17552141.2,-2476776.6,-75961902.0,-33007456.5,-87690786.5
370,109.66,21.97,Guangxi,Central_South_China,874700.0,1037835.6,24367584.3,9104169.2,659333.2,783997.3,1019978.7,4862361.7,-34450389.5,-18951920.6,-2674298.9,-75514687.5,-32804727.4,-88881336.5
371,117.43,34.32,Jiangsu,East_China,1079485.5,1280814.7,24342181.7,5622121.5,1032877.8,769904.8,1258777.1,6000742.4,-33831140.0,-23388962.0,-3300408.3,-74157302.8,-32770397.4,-93290907.6
372,113.61,32.82,Henan,Central_South_China,1265047.6,1500985.0,24315923.7,2463764.5,171417.5,757023.5,1475159.1,7032261.7,-33265110.0,-27409492.0,-3867743.9,-72916574.2,-33934991.7,-98477337.5
373,80.59,44.38,Xinjiang,Northwest_China,1269004.1,1505679.4,24244919.5,2327415.0,1574419.7,754319.2,1479772.7,7054255.4,-33146277.4,-27495216.5,-3879840.5,-72656095.3,-32446310.3,-96967644.7
374,108.04,41.01,Inner_Mongolia,North_China,1412749.7,1676234.2,24199734.7,0.0,721868.0,743483.8,1647393.0,7853321.4,-32670149.4,-30609718.5,-4319326.8,-71612430.5,-33357645.8,-100956840.5
375,116.64,30.32,Anhui,East_China,1102850.6,1308537.4,24189170.2,5077784.1,868996.6,763119.5,1286022.8,6130626.1,-33532978.6,-23895207.1,-3371844.4,-73503737.9,-32776630.5,-93576660.6
376,127.51,46.85,Heilongjiang,Northeast_China,1435665.0,1703423.3,24163703.8,0.0,133114.7,740762.2,1674114.3,7980705.2,-32550556.5,-31106219.7,-4389387.9,-71350284.7,-33518796.1,-101564960.1
377,124.31,43.9,Jilin,Northeast_China,1821599.9,2161336.9,24161462.8,0.0,128625.0,715777.8,2124149.0,10126075.2,-31452690.2,-39468181.2,-5569341.4,-68943779.9,-27704753.2,-104194966.0
378,114.34,37.95,Hebei,North_China,1078844.4,1280054.0,24153596.6,5448204.7,234427.8,763441.8,1258029.5,5997178.5,-33547142.9,-23375071.1,-3298448.2,-73534785.9,-33321008.5,-93541670.8
379,118.15,31.89,Anhui,East_China,1080833.1,1282413.6,24144308.9,5405533.7,281079.6,762993.2,1260348.5,6008233.4,-33527427.1,-23418159.5,-3304528.4,-73491569.0,-33265825.1,-93515940.1
380,115.74,28.24,Jiangxi,East_China,1087241.5,1290017.1,24079783.7,5234139.2,1851465.4,760354.1,1267821.2,6043856.7,-33411460.7,-23557007.7,-3324121.2,-73237372.7,-31622693.9,-91915283.5
381,118.54,32.36,Anhui,East_China,1126799.1,1336952.4,24044822.8,4532084.5,135959.9,756595.3,1313948.9,6263753.2,-33246293.6,-24414093.6,-3445064.3,-72875329.2,-33364412.9,-94469864.4
382,118.74,37.78,Shandong,East_China,1372964.3,1629028.6,23972706.6,305710.3,172427.0,738221.2,1600999.6,7632158.7,-32438898.0,-29747697.6,-4197687.3,-71105531.3,-33681314.9,-100065597.8
383,115.7,37.76,Hebei,North_China,1333016.7,1581630.7,23955831.1,963568.2,133016.8,740217.3,1554417.2,7410094.6,-32526608.9,-28882163.3,-4075552.0,-71297792.1,-33625999.5,-99110323.7
384,114.62,34.26,Henan,Central_South_China,1278388.9,1516814.5,23935145.4,1865523.8,175456.0,743029.3,1490716.3,7106424.6,-32650176.7,-27698555.3,-3908533.5,-71568650.7,-33457151.8,-97714417.3
385,110.54,22.85,Guangxi,Central_South_China,855427.7,1014969.0,23912456.6,8983673.3,1418642.5,769543.5,997505.5,4755229.3,-33815262.6,-18534352.8,-2615376.1,-74122499.7,-31415052.3,-86380043.8
386,122.25,37.13,Shandong,East_China,1344149.3,1594839.4,23886515.9,707728.6,1852186.1,737108.1,1567398.7,7471979.1,-32389985.7,-29123369.0,-4109588.5,-70998316.2,-31836411.1,-97459354.3
387,113.91,36.12,Henan,Central_South_China,1083579.4,1285672.1,23777984.7,5000315.8,678474.6,750181.2,1263550.9,6023499.8,-32964446.3,-23477663.2,-3312924.9,-72257524.5,-32394265.9,-92149300.3
388,105.17,31.66,Sichuan,Southwest_China,1068656.9,1267966.4,23697481.3,5173374.5,134481.4,748367.7,1246149.9,5940547.0,-32884756.0,-23154339.7,-3267300.8,-72082844.7,-32805819.6,-92112216.2
389,114.44,29.96,Hubei,Central_South_China,1061212.4,1259133.6,23625096.1,5228141.0,324969.1,746351.6,1237469.0,5899164.2,-32796162.3,-22993043.0,-3244540.3,-71888648.6,-32507111.6,-91540857.2
390,117.03,38.53,Hebei,North_China,1332185.0,1580643.8,23623730.6,652279.8,130968.1,728816.6,1553447.4,7405471.3,-32025643.7,-28864143.0,-4073009.2,-70199684.6,-33192141.9,-98154937.8
391,106.56,31.73,Sichuan,Southwest_China,1153247.9,1368334.0,23599351.3,3649191.2,132892.2,739523.9,1344790.6,6410779.1,-32496141.5,-24987153.1,-3525928.5,-71231008.0,-32832897.9,-93842121.0
392,118.21,39.47,Hebei,North_China,1117018.6,1325347.9,23591889.4,4253499.1,434099.3,741604.7,1302544.0,6209384.6,-32587574.8,-24202182.1,-3415161.5,-71431428.3,-32456040.7,-92660959.1
393,113.2,26.59,Hunan,Central_South_China,1032860.7,1225494.1,23565581.7,5648469.9,2356348.3,746128.6,1204408.4,5741560.2,-32786366.0,-22378753.2,-3157858.1,-71867175.4,-30346323.5,-88669300.8
394,126.89,47.33,Heilongjiang,Northeast_China,1510518.3,1792237.1,23459573.0,0.0,127882.5,711645.7,1761400.0,8396806.5,-31271116.3,-32728048.7,-4618243.6,-68545772.9,-30785709.8,-99403118.4
395,126.35,45.01,Jilin,Northeast_China,1881044.9,2231868.7,23433245.0,0.0,123422.2,686824.8,2193467.3,10456523.7,-30180440.6,-40756162.9,-5751088.0,-66155029.7,-25148633.0,-101836324.5
396,112.51,31.42,Hubei,Central_South_China,1143312.2,1356545.3,23432968.2,3653934.0,366327.7,734426.5,1333204.6,6355547.6,-32272151.8,-24771878.4,-3495551.2,-70740026.3,-32363760.3,-92903341.6
397,114.16,22.52,Hong_Kong_SAR,Central_South_China,723076.3,857933.5,23430313.5,10745699.0,3032442.7,761455.8,843171.9,4019502.5,-33459871.9,-15666726.9,-2210726.4,-73343489.2,-28929893.8,-80267219.0
398,105.25,31.09,Sichuan,Southwest_China,1085235.6,1287637.1,23401912.4,4603952.7,132457.3,737103.5,1265482.1,6032706.2,-32389783.3,-23513546.5,-3317988.4,-70997872.6,-32451385.8,-91672704.0
399,122.07,42.29,Liaoning,Northeast_China,1431831.5,1698874.8,23380242.3,0.0,938185.6,713987.7,1669644.1,7959395.2,-31374031.8,-31023160.0,-4377667.3,-68771361.9,-30979200.7,-97754059.8
400,114.88,31.28,Hubei,Central_South_China,1082412.4,1284287.4,23293953.6,4545856.2,417670.5,733562.1,1262190.0,6017012.2,-32234169.7,-23452376.6,-3309356.7,-70656770.1,-32019825.7,-91015728.8
401,107.07,40.83,Inner_Mongolia,North_China,1318908.4,1564891.1,23267477.8,527425.1,463191.9,717386.2,1537965.6,7331668.0,-31523366.3,-28576481.5,-4032417.4,-69098700.9,-32369786.8,-96502052.1
402,126.1,45.94,Heilongjiang,Northeast_China,1404810.1,1666813.8,23212734.8,0.0,127578.5,709954.2,1638134.7,7809186.0,-31196791.2,-30437693.0,-4295052.3,-68382853.5,-31813641.4,-97743177.8
403,107.4,30.57,Sichuan,Southwest_China,1051878.8,1248059.2,23192585.6,4962018.2,131546.7,732036.5,1226585.2,5847279.6,-32167128.6,-22790813.6,-3216003.8,-70509817.2,-32117827.4,-90291773.4
404,124.56,44.34,Jilin,Northeast_China,1816531.9,2155323.7,23179968.3,0.0,122600.6,682252.7,2118239.3,10097902.9,-29979532.1,-39358374.8,-5553846.6,-65714641.6,-25541822.1,-100433575.6
405,116.19,29.65,Jiangxi,East_China,1065884.3,1264676.7,23056766.9,4592530.4,1353759.3,726448.1,1242916.8,5925134.5,-31921566.9,-23094266.7,-3258824.0,-69971550.0,-30743432.9,-89018090.5
406,116.9,32.82,Anhui,East_China,1205741.9,1430618.5,23036484.0,2211602.8,183004.4,716722.6,1406003.3,6702587.8,-31494205.4,-26124529.6,-3686423.3,-69034780.5,-32142015.2,-93447173.5
407,108.66,22.33,Guangxi,Central_South_China,903226.7,1071682.7,22999751.7,7282642.3,1141388.0,734979.1,1053243.4,5020938.5,-32296435.6,-19570001.8,-2761516.2,-70793255.9,-30585403.5,-85213357.0
408,77.23,38.31,Xinjiang,Northwest_China,1325968.0,1573267.3,22946896.7,94202.0,1795587.2,705873.6,1546197.7,7370911.3,-31017480.9,-28729439.2,-4054001.2,-67989808.2,-30630904.6,-94431825.9
409,125.61,45.05,Jilin,Northeast_China,1848701.6,2193493.2,22907088.2,0.0,120536.2,670764.8,2155752.0,10276730.5,-29474731.8,-40055387.2,-5652201.8,-64608127.6,-24435061.0,-99617381.7
410,105.07,29.88,Sichuan,Southwest_China,1099746.3,1304854.2,22872970.3,3840827.3,129010.6,717923.6,1282402.9,6113369.7,-31546980.0,-23827947.0,-3362353.3,-69150461.6,-31789356.7,-90526637.1
411,102.17,27.9,Sichuan,Southwest_China,994303.6,1179745.9,22838102.7,5586740.5,942263.0,723525.9,1159447.3,5527225.2,-31793159.6,-21543344.5,-3039973.9,-69690083.3,-30738729.3,-87115207.3
412,118.94,25.31,Fujian,East_China,796013.6,944473.9,22833766.8,8929997.9,4638561.7,736173.5,928223.4,4424953.0,-32348917.2,-17247042.2,-2433724.1,-70908294.8,-26676131.0,-78705814.6
413,119.32,35.69,Shandong,East_China,1217599.9,1444688.0,22773384.6,1753683.7,1112677.6,706882.9,1419830.8,6768504.8,-31061830.2,-26381452.8,-3722677.7,-68087021.3,-30889769.1,-92055729.8
414,117.19,31.07,Anhui,East_China,996020.2,1181782.7,22754173.2,5475542.3,260967.3,720520.4,1161449.0,5536767.8,-31661089.9,-21580538.4,-3045222.3,-69400588.6,-31313365.6,-87600216.3
415,123.7,43.6,Jilin,Northeast_China,1566568.3,1858740.7,22750745.5,0.0,122839.2,683580.6,1826759.3,8708382.2,-30037882.1,-33942470.2,-4789610.2,-65842543.9,-28324928.2,-97094890.8
416,104.56,28.82,Sichuan,Southwest_China,1013121.5,1202073.4,22743149.9,5176042.5,129210.6,719036.5,1181390.6,5631831.9,-31595886.0,-21951067.5,-3097507.5,-69257662.6,-31461805.6,-88106266.6
417,112.02,37.21,Shanxi,North_China,1098686.0,1303596.2,22736826.5,3725358.6,189983.9,713296.3,1281166.6,6107475.8,-31343650.5,-23804974.6,-3359111.7,-68704766.6,-31548376.6,-90056113.3
418,116.43,33.62,Anhui,East_China,1325431.7,1572631.0,22723073.9,0.0,261718.1,698188.5,1545572.4,7367930.2,-30679781.0,-28717820.1,-4052361.6,-67249575.6,-31755029.9,-95204992.6
419,103.2,30.02,Sichuan,Southwest_China,1039391.5,1233242.9,22661570.4,4652639.8,128400.3,714527.4,1212023.8,5777863.9,-31397747.0,-22520253.3,-3177825.1,-68823345.3,-31403685.3,-88499510.8
420,117.15,34.67,Shandong,East_China,1078895.3,1280114.4,22619695.0,3944719.4,951581.9,710533.7,1258088.8,5997461.5,-31222253.0,-23376174.1,-3298603.8,-68438665.5,-30597575.3,-88494606.3
421,113.88,29.69,Hubei,Central_South_China,1060942.5,1258813.2,22606920.6,4235283.6,223601.9,711251.7,1237154.2,5897663.4,-31253804.9,-22987193.3,-3243714.9,-68507826.5,-31276195.4,-88760908.5
422,121.33,41.19,Liaoning,Northeast_China,1234219.5,1464407.2,22595325.1,1298684.8,276712.2,699668.9,1439210.7,6860891.4,-30744836.0,-26741545.9,-3773490.3,-67392175.0,-31523055.2,-92782927.3
423,111.54,25.41,Hunan,Central_South_China,1073872.1,1274154.3,22562412.4,3973407.0,3051450.7,708882.1,1252231.2,5969537.7,-31149682.2,-23267336.0,-3283245.7,-68279591.4,-28413644.0,-86113907.9
424,108.07,34.36,Shaanxi,Northwest_China,1103390.6,1309178.2,22547648.9,3460615.8,550694.8,706467.9,1286652.5,6133628.2,-31043595.5,-23906908.1,-3373495.5,-68047051.0,-30948774.1,-89272773.1
425,113.38,23.55,Guangdong,Central_South_China,867711.2,1029543.5,22492027.1,7384837.1,2919583.9,719759.6,1011829.2,4823512.0,-31627657.9,-18800497.0,-2652931.6,-69327306.3,-28078502.8,-81159589.3
426,111.87,32.61,Henan,Central_South_China,1227326.7,1456228.9,22474103.4,1296297.4,125058.9,695932.8,1431173.1,6822575.3,-30580662.4,-26592202.3,-3752416.4,-67032309.3,-31503612.6,-92428893.7
427,105.64,30.17,Chongqing,Southwest_China,1053599.6,1250100.9,22425938.9,4181953.5,126775.1,705483.4,1228591.7,5856845.2,-31000336.8,-22828096.9,-3221264.8,-67952228.6,-31122940.3,-88172638.8
428,106.9,30.47,Sichuan,Southwest_China,990401.8,1175116.4,22354046.7,5178424.6,127062.5,707082.5,1154897.4,5505535.3,-31070600.8,-21458804.2,-3028044.4,-68106246.3,-30913679.3,-86471128.8
429,113.13,26.08,Hunan,Central_South_China,973986.3,1155639.4,22324135.5,5426246.6,2594197.3,707110.2,1135755.5,5414283.7,-31071820.6,-21103134.7,-2977856.0,-68108920.0,-28377565.5,-83530376.8
430,126.57,46.62,Heilongjiang,Northeast_China,1440027.7,1708599.7,22305886.8,0.0,121549.5,676403.8,1679201.6,8004957.0,-29722520.0,-31200745.4,-4402726.4,-65151275.2,-29214649.1,-94540640.8
431,125.39,43.7,Jilin,Northeast_China,1422874.2,1688247.0,22303459.1,0.0,121733.4,677427.1,1659199.1,7909602.7,-29767486.1,-30829084.8,-4350281.5,-65249840.2,-29467297.6,-94414150.0
432,124.99,43.0,Jilin,Northeast_China,1473723.5,1748579.9,22262949.3,0.0,260529.2,672748.2,1718494.0,8192268.4,-29561887.2,-31930824.7,-4505747.6,-64799170.8,-28469878.3,-94468337.8
433,116.82,29.3,Jiangxi,East_China,1009094.5,1197295.4,22261296.1,4771996.1,1497436.4,702677.1,1176694.8,5609446.4,-30877019.5,-21863816.4,-3085195.5,-67681919.2,-29455982.3,-85282013.7
434,117.85,40.06,Hebei,North_China,1092370.8,1296103.1,22252885.6,3357898.1,439894.7,697012.6,1273802.4,6072370.1,-30628110.2,-23668143.8,-3339803.6,-67136314.0,-30653976.6,-88290034.2
435,120.11,32.99,Jiangsu,East_China,901215.2,1069296.1,22244863.9,6577102.8,127420.1,709072.6,1050897.9,5009757.2,-31158049.2,-19526420.9,-2755366.5,-68297931.7,-30608305.9,-84048142.5
436,107.06,31.75,Sichuan,Southwest_China,1041641.8,1235912.9,22191321.4,4153989.7,125459.7,698163.1,1214647.8,5790373.1,-30678667.0,-22569010.1,-3184705.2,-67247133.8,-30795624.3,-87228006.6
437,104.33,30.67,Sichuan,Southwest_China,856718.7,1016500.8,22157239.2,7242448.8,127393.1,708922.0,999011.0,4762406.1,-31151434.6,-18562325.7,-2619323.3,-68283432.7,-30412792.9,-82745876.6
438,112.33,34.9,Henan,Central_South_China,1146573.9,1360415.4,22099682.8,2292769.2,768916.3,688230.4,1337008.1,6373679.3,-30242205.4,-24842550.1,-3505523.6,-66290417.2,-30223141.7,-88813420.9
439,114.78,35.0,Henan,Central_South_China,1177678.7,1397321.3,22096975.2,1765010.5,664826.1,686129.6,1373279.1,6546587.2,-30149892.1,-25516489.5,-3600623.0,-66088068.0,-30380260.3,-89647264.9
440,130.49,46.97,Heilongjiang,Northeast_China,1154127.0,1369377.2,22095790.2,2161445.4,178376.0,687608.7,1345815.7,6415666.2,-30214886.0,-25006201.4,-3528616.4,-66230533.5,-30822327.1,-89572031.0
441,117.75,31.22,Anhui,East_China,1028931.2,1220831.8,22073644.1,4253289.8,372021.7,694924.7,1199826.2,5719716.4,-30536363.8,-22293613.3,-3145844.0,-66935207.5,-30372021.5,-86347842.7
442,116.25,36.59,Shandong,East_China,1200135.7,1423966.7,22047253.9,1337186.3,826930.0,682965.4,1399466.0,6671423.4,-30010850.0,-26003060.8,-3669282.9,-65783289.8,-30193962.3,-89877156.0
443,124.82,44.76,Jilin,Northeast_China,1705427.1,2023497.3,22007352.2,0.0,116621.3,648979.1,1988681.1,9480283.2,-28517423.7,-36951092.0,-5214155.8,-62509724.1,-24538882.8,-95221554.3
444,115.65,38.61,Hebei,North_China,1144680.3,1358168.6,21919954.6,2148673.1,122582.8,682153.7,1334800.0,6363153.0,-29975183.5,-24801521.9,-3499734.1,-65705109.6,-30630943.5,-88907383.1
445,119.05,34.89,Jiangsu,East_China,937827.9,1112737.2,21865003.1,5586897.6,599513.5,693608.1,1093591.5,5213282.9,-30478511.7,-20319698.4,-2867305.6,-66808396.5,-29705934.7,-83371450.4
446,125.52,45.91,Heilongjiang,Northeast_China,1435558.2,1703296.6,21863238.0,0.0,118857.9,661425.1,1673989.8,7980111.7,-29064326.7,-31103906.3,-4389061.4,-63708526.4,-28272049.0,-92829343.5
447,113.0,36.03,Shanxi,North_China,1102188.0,1307751.3,21807238.3,2755604.7,205289.0,681008.4,1285250.2,6126942.9,-29924857.1,-23880850.9,-3369818.6,-65594794.8,-30323522.0,-87499048.6
448,103.76,25.47,Yunnan,Southwest_China,936525.1,1111191.4,21806047.1,5551137.5,1872806.5,691658.8,1092072.3,5206040.7,-30392853.8,-20291470.7,-2863322.4,-66620636.0,-28353156.7,-81900803.6
449,125.84,46.87,Heilongjiang,Northeast_China,1488956.5,1766653.9,21801198.0,0.0,117854.1,655839.2,1736256.9,8276946.7,-28818868.6,-32260873.6,-4552320.7,-63170486.2,-27326781.0,-92958843.9
450,123.37,39.98,Liaoning,Northeast_China,1112395.3,1319862.3,21768518.5,2545355.5,915505.0,679014.2,1297152.8,6183684.3,-29837227.3,-24102010.8,-3401026.4,-65402711.8,-29581223.8,-86921488.3
451,113.82,32.4,Henan,Central_South_China,1151496.2,1366255.7,21707752.2,1825731.9,121188.5,674394.9,1342748.0,6401042.0,-29634245.3,-24949200.9,-3520573.1,-64957778.7,-30367169.2,-88471188.5
452,113.05,39.6,Shanxi,North_China,1246723.9,1479243.8,21706623.1,217004.4,1083304.4,668210.2,1453792.0,6930402.3,-29362478.6,-27012477.2,-3811721.3,-64362070.5,-29576766.1,-89763443.3
453,117.84,36.7,Shandong,East_China,1019480.5,1209618.4,21629564.5,3977811.2,694014.9,680218.1,1188805.8,5667180.7,-29890128.4,-22088846.0,-3116949.4,-65518670.1,-29451976.1,-84547899.9
454,116.16,30.25,Anhui,East_China,944754.5,1120955.7,21568305.2,5179315.2,889498.5,682927.9,1101668.5,5251787.1,-30009200.1,-20469775.5,-2888482.9,-65779673.2,-29040460.6,-82407919.0
455,110.8,34.53,Henan,Central_South_China,1251722.7,1485174.9,21544156.1,0.0,679114.0,662284.1,1459621.1,6958190.0,-29102071.3,-27120784.6,-3827004.5,-63791261.9,-29750999.1,-89800859.5
456,111.45,30.03,Hubei,Central_South_China,970302.0,1151267.9,21515672.6,4696466.2,122099.4,679463.8,1131459.2,5393802.9,-29856981.3,-21023307.2,-2966591.6,-65446012.2,-29785478.3,-83632358.4
457,113.0,32.02,Hubei,Central_South_China,1012316.1,1201117.9,21493151.7,3965127.0,121472.6,675975.6,1180451.5,5627355.0,-29703701.6,-21933618.3,-3095045.3,-65110025.6,-29833058.2,-84565423.3
458,122.46,40.59,Liaoning,Northeast_China,968022.2,1148563.0,21467287.2,4687553.8,289224.7,677942.1,1128800.8,5381130.0,-29790114.7,-20973912.4,-2959621.5,-65299441.6,-29550917.8,-83274566.4
459,122.05,45.96,Inner_Mongolia,North_China,1381069.4,1638645.4,21448792.7,0.0,414287.9,650647.3,1610450.9,7677214.1,-28590727.6,-29923309.1,-4222467.8,-62670405.0,-27849297.2,-90585801.7
460,120.76,37.07,Shandong,East_China,1117606.7,1326045.6,21420488.1,2116443.9,945173.3,666674.2,1303229.7,6212653.7,-29294981.6,-24214924.0,-3416959.5,-64214118.2,-29105803.0,-86032668.1
461,125.68,42.59,Jilin,Northeast_China,1390479.4,1649810.4,21332883.7,0.0,655391.7,646042.2,1621423.8,7729523.4,-28388372.7,-30127193.9,-4251237.9,-62226846.4,-27201291.6,-89968096.2
462,116.38,28.1,Jiangxi,East_China,942345.4,1118097.2,21327706.4,4984292.4,1974795.2,674785.0,1098859.3,5238395.2,-29651386.1,-20417577.9,-2881117.3,-64995350.9,-27636074.9,-80586156.3
463,115.44,30.89,Hubei,Central_South_China,1031444.9,1223814.2,21276412.8,3429878.9,609204.0,667265.6,1202757.3,5733689.5,-29320970.2,-22348075.7,-3153529.2,-64271084.7,-29096617.5,-83919192.5
464,111.07,21.94,Guangdong,Central_South_China,799884.3,949066.5,21265431.6,7328296.0,968042.5,681831.1,932736.9,4446469.7,-29961008.0,-17330907.5,-2445558.3,-65674037.0,-28302278.3,-78039752.0
465,116.45,28.65,Jiangxi,East_China,958740.1,1137549.6,21226190.7,4608073.7,1757172.1,670225.6,1117977.0,5329531.4,-29451037.7,-20772797.7,-2931242.3,-64556190.6,-27750730.4,-80905808.2
466,119.32,41.7,Liaoning,Northeast_China,1292224.5,1533230.5,21175029.3,0.0,1282641.2,646938.9,1506849.8,7183334.9,-28427772.8,-27998327.1,-3950834.2,-62313210.6,-27692961.5,-88069895.6
467,115.42,26.07,Jiangxi,East_China,858564.1,1018690.3,21148975.1,6223590.1,2748092.1,674027.5,1001162.8,4772664.1,-29618099.7,-18602308.1,-2624965.2,-64922387.8,-26476621.7,-77321994.8
468,117.03,36.17,Shandong,East_China,1130094.1,1340862.0,21141623.6,1632455.0,1047536.0,656250.1,1317791.1,6282069.7,-28836928.3,-24485485.1,-3455138.3,-63210072.8,-28661391.1,-85438942.9
469,106.01,28.97,Chongqing,Southwest_China,988470.2,1172824.6,21116320.5,3998542.8,119413.6,664517.4,1152645.0,5494798.2,-29200209.4,-21416954.5,-3022139.0,-64006379.1,-29298846.7,-82938149.6
470,110.59,40.42,Inner_Mongolia,North_China,1184345.9,1405232.0,21115277.0,690773.7,405129.6,651840.2,1381053.6,6583649.6,-28643145.6,-25660946.5,-3621007.3,-62785304.4,-29368002.9,-87293102.2
471,110.3,23.47,Guangxi,Central_South_China,873658.4,1036599.9,21083275.6,5904409.3,1594369.5,670787.3,1018764.2,4856572.0,-29475721.3,-18929354.0,-2671114.6,-64610296.5,-27571860.3,-78648050.1
472,106.06,31.87,Sichuan,Southwest_China,991798.1,1176773.2,20925314.0,3755249.8,118191.1,657714.8,1156525.7,5513297.6,-28901286.8,-21489059.0,-3032313.7,-63351145.6,-29056281.4,-82478940.9
473,122.87,42.64,Liaoning,Northeast_China,1249472.9,1482505.5,20922772.8,0.0,432078.3,640997.5,1456997.5,6945683.3,-28166697.6,-27072037.6,-3820125.8,-61740938.2,-28610430.4,-87669291.4
474,112.98,34.49,Henan,Central_South_China,1036685.4,1230032.2,20898158.6,2970866.6,388311.4,653881.3,1208868.3,5762821.2,-28732835.2,-22461621.8,-3169551.7,-62981902.5,-28832277.6,-83196286.3
475,103.77,24.51,Yunnan,Southwest_China,942251.6,1117986.0,20873278.5,4540713.0,2409558.6,659117.6,1098750.0,5237874.0,-28962931.7,-20415546.4,-2880830.7,-63486270.1,-26606740.9,-78866049.6
476,117.14,28.4,Jiangxi,East_China,896064.1,1063184.3,20864088.9,5311442.8,1994333.0,661781.5,1044891.2,4981122.4,-29079986.9,-19414811.6,-2739617.3,-63742853.3,-26925945.3,-78160361.1
477,113.62,28.17,Hunan,Central_South_China,858212.6,1018273.3,20854998.7,5941541.7,1055587.3,663910.8,1000752.9,4770710.2,-29173552.8,-18594692.4,-2623890.6,-63947948.3,-27783960.8,-78176096.6
478,115.33,31.85,Henan,Central_South_China,1009963.8,1198326.8,20851899.2,3376661.3,117525.4,654010.3,1177708.5,5614278.6,-28738505.2,-21882650.7,-3087853.2,-62994330.9,-28993957.0,-82702966.1
479,111.09,35.52,Shanxi,North_China,1039904.5,1233851.6,20840424.9,2859965.6,363198.9,651682.3,1212622.0,5780715.8,-28636206.4,-22531369.3,-3179393.7,-62770093.6,-28787727.8,-83134697.2
480,111.29,26.73,Hunan,Central_South_China,970362.4,1151339.6,20763602.7,3958710.6,1998389.3,653520.7,1131529.7,5394138.8,-28716990.4,-21024616.5,-2966776.3,-62947170.8,-26925577.0,-79633960.3
481,106.77,29.13,Chongqing,Southwest_China,982421.6,1165647.9,20761604.3,3753171.5,117285.2,652673.5,1145591.8,5461174.4,-28679763.1,-21285899.8,-3003645.9,-62865569.2,-28825999.0,-81795307.8
482,115.71,30.46,Hubei,Central_South_China,882649.8,1047268.2,20756192.2,5432203.6,856837.5,658925.8,1029248.9,4906554.1,-28954502.6,-19124168.2,-2698604.7,-63467793.7,-27897913.6,-78675189.2
483,120.74,32.83,Jiangsu,East_China,1071524.5,1271368.9,20738155.0,2225976.1,116106.5,646114.3,1249493.8,5956488.0,-28391537.5,-23216472.7,-3276068.4,-62233783.4,-28958556.3,-83842634.9
484,108.94,23.21,Guangxi,Central_South_China,875038.9,1038237.8,20636000.1,5442948.6,1439216.3,655271.5,1020373.9,4864245.9,-28793926.0,-18959264.4,-2675335.2,-63115812.5,-27144479.5,-77573005.1
485,121.28,30.09,Zhejiang,East_China,760181.5,901959.0,20584160.6,7331173.1,1584924.0,660896.1,886439.9,4225766.3,-29041082.4,-16470676.6,-2324171.5,-63657575.3,-26722074.7,-74558005.1
486,118.37,35.03,Shandong,East_China,971093.0,1152206.5,20573781.2,3760425.1,847948.7,646926.5,1132381.7,5398200.3,-28427229.3,-21040447.0,-2969010.2,-62312019.4,-27829056.4,-80265742.9
487,114.42,37.45,Hebei,North_China,1076514.9,1277290.0,20571725.3,1978693.2,222523.5,640052.0,1255313.0,5984228.9,-28125148.3,-23324597.7,-3291325.9,-61649862.8,-28643522.1,-83384594.0
488,112.76,33.43,Henan,Central_South_China,1169419.2,1387521.5,20537563.7,376829.2,266201.2,632877.9,1363647.8,6500674.0,-27809907.2,-25337534.6,-3575370.7,-60958859.4,-28724124.7,-85446937.2
489,105.64,31.47,Sichuan,Southwest_China,1022696.4,1213434.1,20527109.7,2843544.0,115364.8,641986.5,1192555.8,5685057.8,-28210153.4,-22158524.9,-3126781.8,-61836192.6,-28594443.6,-82089903.7
490,106.27,38.53,Ningxia,Northwest_China,924906.3,1097405.6,20523391.2,4490781.7,222028.3,648169.3,1078523.7,5141453.0,-28481840.1,-20039728.6,-2827799.2,-62431725.3,-28305066.2,-79654434.0
491,109.22,21.66,Guangxi,Central_South_China,818618.9,971295.1,20460935.9,6223929.8,462646.6,652874.7,954583.1,4550612.9,-28688604.0,-17736824.2,-2502837.1,-62884948.3,-27789451.3,-76717716.6
492,82.21,43.42,Xinjiang,Northwest_China,1149498.2,1363885.0,20381860.2,560605.7,793359.4,628793.3,1340418.0,6389934.8,-27630420.6,-24905908.9,-3514464.2,-60565427.8,-27957073.1,-84007866.7
493,116.11,38.98,Hebei,North_China,1109882.7,1316881.1,20372715.6,1220429.8,113396.7,631034.6,1294222.9,6169717.1,-27728906.4,-24047571.0,-3393344.4,-60781306.9,-28553026.4,-83722848.1
494,120.6,27.92,Zhejiang,East_China,737404.9,874934.4,20363079.6,7499111.8,2896427.5,654740.9,859880.3,4099153.5,-28770609.2,-15977180.6,-2254534.4,-63064702.5,-25079969.5,-72082293.8
495,111.57,33.22,Henan,Central_South_China,1124871.7,1334665.6,20349253.9,944404.7,359324.7,629258.0,1311701.4,6253039.1,-27650841.2,-24372333.4,-3439171.5,-60610189.4,-28303670.2,-83766016.3
496,112.77,25.26,Hunan,Central_South_China,893460.3,1060094.9,20346918.0,4848772.6,2856450.2,644112.1,1041855.0,4966648.6,-28303558.7,-19358397.2,-2731656.7,-62040935.3,-25382623.6,-75776236.2
497,117.59,39.26,Tianjin,North_China,1011211.9,1199807.7,20312767.4,2827451.8,124760.0,635334.9,1179163.9,5621216.7,-27917870.0,-21909693.0,-3091669.2,-61195512.1,-28283797.9,-81203030.0
498,118.16,32.89,Anhui,East_China,1081202.9,1282852.4,20297322.7,1630743.3,113262.0,630285.2,1260779.7,6010289.0,-27695975.4,-23426171.6,-3305658.9,-60709122.9,-28402385.9,-82830191.8
499,117.1,35.44,Shandong,East_China,1046896.4,1242147.5,20293593.3,2206247.5,1162206.8,632370.6,1220775.2,5819583.0,-27787612.8,-22682861.0,-3200770.7,-60909990.4,-27286170.2,-80957414.6
500,122.88,39.85,Liaoning,Northeast_China,1055544.4,1252408.4,20280018.0,2046955.5,749192.5,631344.2,1230859.5,5867656.0,-27742513.7,-22870233.9,-3227210.8,-60811134.0,-27697155.6,-81537114.0
