plant_id,lon,lat,province,region,cost_operational_and_maintenance_$,cost_investment_$,cost_biomass_procurement_$,cost_transport_biomass_$,cost_transport_digestate_$,cost_biogas_upgrading_$,cost_transport_co2_$,cost_storage_co2_$,revenue_biomethane_$,revenue_digestate_$
1,114.03,33.55,Henan,Central_South_China,11333870.5,23114258.5,34285053.6,2521426.0,2991683.8,30362736.4,175107.6,1708389.3,103538743.0,7165709.8
2,116.34,34.03,Henan,Central_South_China,10516730.1,21447785.1,38843522.2,2535917.0,3008877.5,27953967.3,418381.8,1572857.5,95324696.6,7206892.2
3,114.75,33.83,Henan,Central_South_China,10490856.8,21395019.1,34097582.6,2419928.8,2871257.0,28008040.3,161527.6,1575900.0,95509088.9,6877262.3
4,115.03,33.29,Henan,Central_South_China,10445359.4,21302232.0,33747945.7,2504212.9,2971260.4,27780484.6,160215.3,1563096.3,94733110.2,7116791.5
5,120.49,32.68,Jiangsu,East_China,9849664.6,20087373.8,31561413.7,2077881.2,2465415.8,26513523.6,152908.5,1491809.5,90412697.8,5905187.6
6,115.67,36.05,Shandong,East_China,9837532.8,20062632.3,33523900.9,2137943.7,2536680.3,26410772.5,1399401.9,1486028.1,90062310.3,6075881.0
7,115.42,36.52,Shandong,East_China,9774162.3,19933394.8,30784345.0,2182101.2,2589073.4,26175800.0,963400.0,1472807.2,89261040.0,6201373.4
8,114.37,35.59,Henan,Central_South_China,9689678.1,19761097.9,31639591.7,2211124.4,2623509.6,25895947.6,1228155.9,1457061.0,88306726.6,6283855.2
9,115.43,34.16,Henan,Central_South_China,9496746.0,19367632.7,34020671.5,2356590.9,2796106.2,25168226.3,145149.9,1416115.0,85825153.6,6697260.3
10,113.55,33.55,Henan,Central_South_China,9464548.3,19301968.9,30856266.9,2268366.9,2691428.0,25172704.7,145175.7,1416367.0,85840425.3,6446534.1
11,114.72,38.27,Hebei,North_China,9462932.3,19298673.4,23571517.1,1964865.9,2331322.7,25507691.1,147107.7,1435215.4,86982748.7,5584006.5
12,114.95,34.78,Henan,Central_South_China,9376763.4,19122940.7,32902402.4,2225049.5,2640031.7,24964161.1,622401.2,1404633.1,85129279.3,6323429.3
13,113.6,34.04,Henan,Central_South_China,9249124.6,18862634.5,28843118.7,2148948.2,2549737.1,24675623.1,142309.0,1388398.2,84145347.4,6107154.8
14,114.95,35.94,Henan,Central_South_China,8999916.4,18354400.1,29905924.2,2068273.6,2454016.4,24036254.6,1311722.3,1352423.5,81965062.5,5877883.6
15,115.69,35.03,Shandong,East_China,8921784.7,18195058.6,27082255.3,2239971.6,2657736.8,23615302.0,741362.2,1328738.2,80529589.2,6365836.7
16,115.24,33.73,Henan,Central_South_China,8724228.8,17792163.8,33724254.3,2247715.7,2666925.3,23028199.3,132808.0,1295704.3,78527534.0,6387845.1
17,116.37,37.05,Shandong,East_China,8686271.3,17714753.4,27299152.2,2093959.6,2484493.0,23089165.3,565820.1,1299134.6,78735431.7,5950881.3
18,116.95,34.29,Anhui,East_China,8646419.1,17633479.0,27317970.2,1896682.7,2250422.9,23193298.0,761724.9,1304993.7,79090530.3,5390234.6
19,114.95,34.28,Henan,Central_South_China,8608369.0,17555879.6,29552318.0,2056758.2,2440353.3,22902711.7,233206.6,1288643.6,78099613.6,5845157.5
20,115.93,34.31,Henan,Central_South_China,8599683.4,17538166.2,32679743.6,2200675.3,2611111.6,22716189.9,260722.6,1278148.8,77463563.1,6254159.6
21,112.6,26.89,Hunan,Central_South_China,8499857.5,17334581.8,17099709.8,1598256.1,1896338.5,23098210.3,2079392.7,1299643.5,78766275.6,4542128.1
22,115.79,35.51,Shandong,East_China,8491692.3,17317929.7,26620006.6,2109996.2,2503520.5,22501497.0,1056185.9,1266068.9,76731447.6,5996456.2
23,112.77,33.01,Henan,Central_South_China,8472274.8,17278329.5,30264965.9,2121848.1,2517582.8,22431377.0,129366.0,1262123.5,76492334.3,6030138.5
24,106.43,29.6,Chongqing,Southwest_China,8456944.6,17247065.3,5022620.9,1390816.7,1650210.5,23204756.5,133826.2,1305638.5,79129604.6,3952600.1
25,115.26,37.99,Hebei,North_China,8452552.9,17238108.8,22969699.9,1869505.4,2218176.9,22656087.1,130661.9,1274767.0,77258608.9,5312998.7
26,114.95,36.72,Hebei,North_China,8416321.5,17164218.7,24771482.4,1980342.6,2349685.9,22425939.9,666265.4,1261817.6,76473793.4,5627990.1
27,118.8,36.8,Shandong,East_China,8415305.4,17162146.4,21319520.1,1791800.8,2125980.1,22634005.2,363532.5,1273524.6,77183308.6,5092168.0
28,114.6,32.9,Henan,Central_South_China,8385308.4,17100970.7,33542389.8,2221438.8,2635747.6,22065268.8,127254.6,1241524.1,75243883.5,6313168.0
29,116.17,34.84,Shandong,East_China,8340820.2,17010241.5,27358244.1,2200815.5,2611278.0,21958093.6,637400.2,1235493.8,74878409.4,6254558.0
30,114.43,35.1,Henan,Central_South_China,8333973.6,16996278.7,30293511.4,2031091.6,2409899.8,22128024.3,772264.4,1245055.1,75457883.5,5772215.0
31,112.32,32.68,Henan,Central_South_China,8317957.3,16963614.9,29418078.3,2091961.6,2482122.4,22012995.4,126953.1,1238582.9,75065628.1,5945203.3
32,114.51,33.43,Henan,Central_South_China,8216721.0,16757154.1,29865419.3,2054152.7,2437261.9,21758901.2,125487.7,1224286.0,74199151.5,5837752.9
33,110.83,21.67,Guangdong,Central_South_China,8164745.9,16651156.1,16612404.2,1468305.9,1742151.9,22262476.2,777031.5,1252620.1,75916372.4,4172818.9
34,114.5,34.59,Henan,Central_South_China,8131429.7,16583211.3,20520150.0,1651792.6,1959859.7,21959545.9,408444.8,1235575.5,74883362.0,4694274.8
35,116.07,28.46,Jiangxi,East_China,8078347.6,16474955.8,21620209.5,1504744.0,1785385.9,21968719.8,1750827.4,1236091.7,74914645.5,4276373.4
36,117.33,33.47,Anhui,East_China,8073842.1,16465767.2,32519374.7,2106101.5,2498899.3,21282410.4,568730.2,1197475.8,72574289.4,5985387.6
37,115.25,35.18,Shandong,East_China,8073804.1,16465689.8,25231003.4,2054181.4,2437295.9,21340415.0,791636.6,1200739.5,72772088.7,5837834.5
38,113.65,35.28,Henan,Central_South_China,8068785.2,16455454.3,26680420.7,1878244.4,2228545.8,21522651.5,816059.9,1210993.2,73393525.9,5337834.3
39,116.65,34.68,Jiangsu,East_China,8054230.4,16425771.3,26708632.3,1833729.6,2175728.9,21529862.3,707168.0,1211398.9,73418115.4,5211326.6
40,111.91,32.98,Henan,Central_South_China,7944199.2,16201374.0,28247360.0,2033786.3,2413097.1,20983766.6,136589.2,1180672.3,71555896.5,5779873.2
41,115.12,32.78,Henan,Central_South_China,7931712.8,16175909.3,29832305.3,2055717.9,2439119.0,20922658.4,120664.9,1177234.0,71347513.7,5842201.2
42,117.82,33.59,Anhui,East_China,7931143.9,16174749.0,31382030.4,2032506.6,2411578.7,20946973.7,409512.3,1178602.1,71430430.4,5776236.3
43,119.9,33.93,Jiangsu,East_China,7831470.7,15971475.7,29246356.0,1756732.5,2084371.4,20963817.4,120902.3,1179549.8,71487868.3,4992506.3
44,116.81,37.26,Shandong,East_China,7780975.6,15868496.2,23534922.8,2011405.8,2386542.4,20530906.8,338282.4,1155191.7,70011617.2,5716269.3
45,114.18,34.18,Henan,Central_South_China,7771628.4,15849433.7,24927872.9,1820320.2,2159818.5,20717426.5,128881.8,1165686.4,70647660.7,5173218.1
46,115.96,32.91,Anhui,East_China,7767845.3,15841718.4,26606296.1,1902974.1,2257887.7,20613832.7,118883.9,1159857.6,70294399.7,5408114.3
47,117.2,37.6,Shandong,East_China,7745488.7,15796124.4,23411859.9,1965063.4,2331557.0,20478875.2,157953.0,1152264.1,69834186.5,5584567.7
48,115.53,33.25,Anhui,East_China,7705811.2,15715206.2,27796273.8,1972116.3,2339925.3,20354806.7,117390.0,1145283.2,69411105.7,5604611.4
49,115.35,35.67,Henan,Central_South_China,7662047.1,15625953.8,26259313.4,1811622.5,2149498.7,20406313.0,1062885.8,1148181.3,69586745.0,5148499.9
50,120.5,36.83,Shandong,East_China,7610769.6,15521378.8,26501447.7,1834574.9,2176731.7,20230483.7,895965.5,1138288.1,68987156.8,5213728.7
51,113.94,33.1,Henan,Central_South_China,7519262.5,15334759.4,27137881.5,1878745.1,2229140.0,19913114.0,194870.1,1120431.0,67904906.9,5339257.4
52,116.28,35.61,Shandong,East_China,7453546.6,15200738.7,26074763.2,1972647.7,2340555.8,19615593.1,1035290.6,1103690.7,66890343.0,5606121.8
53,120.44,33.14,Jiangsu,East_China,7432723.1,15158271.2,28884161.0,1734034.4,2057440.0,19821709.7,114315.5,1115288.0,67593212.9,4927999.9
54,118.7,35.59,Shandong,East_China,7431860.4,15156511.9,24118938.5,1754843.5,2082130.0,19795891.7,1027153.7,1113835.3,67505171.9,4987137.8
55,116.57,36.64,Shandong,East_China,7401687.9,15094978.2,24404966.6,1919476.1,2277467.5,19523269.7,719758.2,1098496.0,66575514.8,5455011.9
56,120.25,32.25,Jiangsu,East_China,7381889.3,15054600.9,21175994.5,1509399.7,1790909.8,19924311.1,114907.3,1121061.0,67943089.9,4289604.4
57,113.64,31.04,Hubei,Central_South_China,7370739.2,15031861.5,25467443.5,1535637.7,1822041.4,19862295.2,273258.7,1117571.6,67731611.9,4364171.0
58,115.42,34.63,Henan,Central_South_China,7319898.4,14928176.9,25837753.3,1892295.8,2245217.9,19314217.5,365846.3,1086733.5,65862634.3,5377767.4
59,115.26,32.32,Henan,Central_South_China,7308336.8,14904598.3,25465618.5,1525891.4,1810477.3,19690493.3,113558.8,1107905.0,67145757.2,4336472.6
60,120.87,32.35,Jiangsu,East_China,7252805.2,14791347.3,24245006.9,1556062.7,1846275.7,19494127.7,142333.1,1096856.3,66476138.6,4422217.3
61,114.38,36.06,Henan,Central_South_China,7222029.8,14728584.1,23085456.7,1620994.6,1923317.7,19331338.6,797381.8,1087696.8,65921018.1,4606749.1
62,119.31,36.14,Shandong,East_China,7196661.9,14676848.8,25455404.2,1822029.9,2161847.0,19032037.6,736966.1,1070856.3,64900384.0,5178076.8
63,114.2,32.67,Henan,Central_South_China,7179923.5,14642712.7,26942728.8,1850792.0,2195973.4,18950834.2,111319.9,1066287.3,64623475.6,5259816.6
64,103.9,30.56,Sichuan,Southwest_China,7177710.9,14638200.2,7024082.3,1182287.8,1402790.1,19692632.5,113571.1,1108025.4,67153051.9,3359976.3
65,116.28,33.37,Anhui,East_China,7177229.8,14637219.0,30006205.6,1953836.3,2318236.0,18827606.3,108582.4,1059353.8,64203261.1,5552661.1
66,118.18,34.59,Shandong,East_China,7154431.7,14590724.7,26534360.5,1810519.1,2148189.5,18921273.9,696805.0,1064624.1,64522673.1,5145364.0
67,117.39,33.93,Anhui,East_China,7104579.2,14489055.6,29160759.5,1877929.5,2228172.2,18699853.7,659491.8,1052165.7,63767616.9,5336939.4
68,120.04,33.45,Jiangsu,East_China,7095487.8,14470514.8,25706235.9,1528555.2,1813638.0,19064299.7,109947.4,1072671.6,65010399.6,4344043.1
69,116.76,35.76,Shandong,East_China,7013393.1,14303091.0,24286901.7,1805191.1,2141867.8,18514283.3,1152931.7,1041724.4,63134810.9,5130222.3
70,119.75,36.46,Shandong,East_China,6991332.4,14258100.6,27005938.1,1807874.8,2145051.9,18446686.8,645812.0,1037921.0,62904302.8,5137849.0
71,114.86,35.49,Henan,Central_South_China,6971103.4,14216845.5,27805436.5,1857076.6,2203430.1,18332383.9,859719.1,1031489.6,62514523.3,5277676.9
72,117.48,36.96,Shandong,East_China,6963107.1,14200537.9,22888159.4,1730305.4,2053015.5,18450870.0,539943.7,1038156.4,62918567.9,4917402.4
73,114.74,37.76,Hebei,North_China,6957203.0,14188497.2,21520536.8,1598956.5,1897169.4,18580606.0,107157.9,1045456.1,63360975.2,4544118.4
74,113.13,35.06,Henan,Central_South_China,6941993.7,14157479.4,22158452.1,1595039.7,1892522.1,18540458.1,647712.5,1043197.1,63224068.6,4532987.0
75,118.63,39.5,Hebei,North_China,6938802.0,14150970.2,16798399.7,1626009.6,1929268.1,18496447.3,540974.8,1040720.8,63073989.1,4621001.5
76,118.77,35.1,Shandong,East_China,6909636.8,14091490.9,22727260.8,1744980.8,2070428.0,18277885.0,681216.0,1028423.2,62328678.6,4959108.9
77,113.05,34.01,Henan,Central_South_China,6895778.4,14063228.0,23032531.1,1700367.8,2017494.4,18287244.9,151742.2,1028949.8,62360596.4,4832321.8
78,118.36,33.83,Jiangsu,East_China,6893117.7,14057801.8,22477678.3,1419487.4,1684228.6,18593852.2,273149.0,1046201.4,63406145.5,4034080.4
79,116.79,33.32,Anhui,East_China,6769541.6,13805781.1,31255960.9,1909920.1,2266129.2,17683071.2,303372.7,994955.4,60300328.1,5427854.5
80,113.17,32.77,Henan,Central_South_China,6751559.1,13769107.7,26463385.6,1797788.4,2133084.4,17755931.7,102401.8,999055.0,60548786.8,5109184.3
81,117.69,37.71,Shandong,East_China,6694548.3,13652840.0,21092149.7,1659409.9,1968897.7,17743897.9,173663.6,998377.9,60507750.8,4715922.6
82,116.11,36.25,Shandong,East_China,6653197.5,13568509.4,23988028.3,1626502.9,1929853.4,17659658.5,863338.5,993638.1,60220489.3,4622403.4
83,115.27,30.43,Hubei,Central_South_China,6637809.6,13537127.3,21565830.0,1367329.2,1622342.6,17904704.3,619228.2,1007425.8,61056110.2,3885850.5
84,117.87,34.11,Jiangsu,East_China,6580624.6,13420504.4,23654547.3,1478328.5,1754043.7,17613024.4,527205.6,991014.2,60061464.4,4201302.3
85,112.76,32.51,Henan,Central_South_China,6508437.1,13273285.4,25258518.6,1712258.8,2031603.2,17139817.6,98848.6,964388.7,58447801.0,4866115.3
86,119.12,33.86,Jiangsu,East_China,6483137.5,13221689.6,24878741.4,1504229.2,1784775.1,17298595.4,99764.3,973322.5,58989242.7,4274910.3
87,104.26,31.16,Sichuan,Southwest_China,6480539.0,13216390.1,15104234.0,1183642.4,1404397.4,17649829.4,101789.9,993085.0,60186971.5,3363826.0
88,111.86,32.29,Hubei,Central_South_China,6476318.8,13207783.5,20191434.1,1312664.7,1557482.8,17493054.4,100885.7,984263.9,59652359.4,3730497.8
89,121.56,31.1,Shanghai,East_China,6445955.3,13145860.3,5077224.9,1084352.6,1286589.4,17659708.2,906860.1,993640.9,60220658.9,3081651.3
90,112.18,31.8,Hubei,Central_South_China,6436690.2,13126965.1,20075231.9,1328858.3,1576696.7,17358897.7,114842.7,976715.5,59194877.2,3776519.0
91,116.51,32.92,Anhui,East_China,6413830.9,13080345.8,27015045.7,1720881.1,2041833.5,16853163.8,128840.7,948259.9,57470294.1,4890619.2
92,115.97,33.73,Anhui,East_China,6396116.1,13044218.3,27652530.1,1743390.9,2068541.5,16776099.9,101849.1,943923.8,57207501.6,4954590.4
93,121.52,31.84,Jiangsu,East_China,6354588.9,12959527.9,19873481.7,1476803.1,1752233.9,16952909.8,514958.6,953872.2,57810433.9,4196967.5
94,114.74,36.35,Hebei,North_China,6324124.4,12897398.7,18129593.1,1563183.2,1854724.3,16767023.4,707151.5,943413.1,57176550.4,4442453.4
95,115.57,32.7,Anhui,East_China,6258799.8,12764175.9,23356802.1,1614435.2,1915534.9,16518388.1,95264.7,929423.4,56328689.2,4588107.7
96,123.3,41.79,Liaoning,Northeast_China,6251499.0,12749286.7,9787272.4,1186380.0,1407645.4,16976146.8,706678.4,955179.6,57889673.6,3371605.8
97,112.46,28.54,Hunan,Central_South_China,6249393.1,12744991.9,18553402.0,1263094.5,1498667.6,16884111.9,628407.1,950001.2,57575829.2,3589622.9
98,112.49,29.3,Hunan,Central_South_China,6235463.7,12716584.3,20937773.0,1319754.1,1565894.4,16779906.4,237019.8,944138.0,57220482.3,3750645.4
99,117.26,35.75,Shandong,East_China,6216200.4,12677298.9,18941583.7,1558445.4,1849102.8,16456330.3,1065700.1,925931.6,56117068.2,4428988.8
100,113.69,30.58,Hubei,Central_South_China,6193248.0,12630489.8,22208845.0,1318406.4,1564295.4,16657809.5,96068.7,937268.1,56804124.5,3746815.3
101,115.71,39.11,Hebei,North_China,6178422.0,12600253.6,15317752.0,1421671.6,1686820.1,16498811.7,95151.8,928321.9,56261932.4,4040287.5
102,113.81,34.48,Henan,Central_South_China,6177570.8,12598517.7,17543231.3,1422699.7,1688039.9,16495168.7,244807.0,928116.9,56249509.6,4043209.3
103,118.61,34.25,Jiangsu,East_China,6138971.6,12519798.6,22585386.9,1415867.1,1679933.0,16389799.9,349018.9,922188.2,55890195.7,4023791.6
104,118.33,36.91,Shandong,East_China,6132225.2,12506040.0,19208552.4,1441707.4,1710592.6,16341122.9,305495.0,919449.4,55724204.3,4097227.8
105,112.7,34.82,Henan,Central_South_China,6100406.8,12441149.7,19883892.9,1467204.2,1740844.7,16219420.7,518077.8,912601.7,55309192.6,4169688.0
106,126.53,45.7,Heilongjiang,Northeast_China,6084663.8,12409043.6,6561194.9,1190569.1,1412615.9,16482972.1,95060.4,927430.7,56207918.4,3383511.2
107,112.64,34.26,Henan,Central_South_China,6076347.4,12392083.0,21040164.8,1482080.5,1758495.5,16132324.4,340088.3,907701.1,55012189.0,4211965.3
108,115.9,36.94,Shandong,East_China,6066919.5,12372855.8,21463186.1,1581036.6,1875907.4,15993955.5,422692.5,899915.7,54540342.9,4493191.4
109,86.0,44.4,Xinjiang,Northwest_China,6060996.5,12360776.5,11845852.0,1494211.6,1772889.2,16073799.1,92700.6,904408.1,54812614.0,4246441.1
110,114.64,32.42,Henan,Central_South_China,6047737.0,12333735.1,26251454.1,1661130.0,1970938.6,15848139.1,91399.2,891711.2,54043100.2,4720810.9
111,118.88,36.33,Shandong,East_China,6040347.6,12318665.1,20932459.7,1476754.1,1752175.8,16032880.7,496791.4,902105.8,54673079.8,4196828.2
112,119.56,33.62,Jiangsu,East_China,6007094.9,12250849.8,21973603.6,1346139.9,1597201.3,16081718.9,92746.3,904853.8,54839621.3,3825631.9
113,117.69,34.6,Shandong,East_China,6004810.0,12246189.8,23829807.6,1614106.7,1915145.3,15775085.3,710846.9,887600.7,53793982.4,4587174.3
114,112.05,34.56,Henan,Central_South_China,6004320.0,12245190.6,18767707.4,1522196.0,1806092.7,15876529.2,624813.2,893308.5,54139911.9,4325970.6
115,113.32,29.28,Hunan,Central_South_China,5998578.7,12233481.8,11454113.4,1137149.5,1349233.2,16290713.0,250349.3,916613.0,55552303.4,3231696.4
116,115.73,38.17,Hebei,North_China,5956877.7,12148437.0,18321946.9,1479749.8,1755730.1,15785131.7,91035.8,888166.0,53828241.0,4205341.6
117,116.79,33.81,Anhui,East_China,5918928.6,12071043.6,23997212.0,1550629.1,1839828.8,15594681.0,363500.0,877450.1,53178792.8,4406775.6
118,117.16,35.08,Shandong,East_China,5913002.5,12058957.9,17720810.7,1456424.7,1728054.8,15682775.5,806097.6,882406.8,53479200.4,4139053.4
119,114.02,35.25,Henan,Central_South_China,5907216.2,12047157.4,20365219.2,1415739.7,1679781.8,15711373.5,610375.2,884015.9,53576721.2,4023429.5
120,117.89,39.71,Hebei,North_China,5898402.7,12029183.2,16021137.8,1425924.4,1691866.1,15674167.9,220732.7,881922.5,53449847.8,4052373.8
121,119.47,34.24,Jiangsu,East_China,5859261.0,11949357.7,22473127.4,1451183.9,1721836.6,15531289.1,89571.9,873883.3,52962622.8,4124159.5
122,117.19,32.99,Anhui,East_China,5831291.0,11892315.8,22048040.7,1475508.0,1750697.3,15422167.5,206055.3,867743.4,52590511.7,4193286.9
123,113.13,23.15,Guangdong,Central_South_China,5815500.0,11860111.7,4143498.8,917728.6,1088889.4,16000271.4,1853271.8,900271.0,54561880.4,2608118.2
124,117.22,32.45,Anhui,East_China,5782581.6,11792978.1,20634529.9,1255594.4,1489768.7,15525704.7,89539.7,873569.1,52943579.7,3568308.3
125,114.21,30.4,Hubei,Central_South_China,5758516.9,11743900.7,10410199.4,1088161.1,1291108.3,15642657.6,101582.2,880149.5,53342395.8,3092475.0
126,111.46,27.16,Hunan,Central_South_China,5685301.4,11594585.2,16330114.2,1197078.3,1420339.0,15306371.7,1279826.5,861228.1,52195641.1,3402009.6
127,113.2,33.26,Henan,Central_South_China,5681429.2,11586688.2,20923176.3,1487159.3,1764521.6,14970337.6,144097.5,842320.8,51049744.6,4226399.0
128,110.74,26.93,Hunan,Central_South_China,5677800.0,11579286.8,15693382.2,1210347.4,1436082.9,15269555.3,1486130.1,859156.6,52070094.9,3439719.5
129,119.41,36.79,Shandong,East_China,5672526.2,11568531.4,20497518.6,1422569.0,1687884.8,15016567.9,319601.9,844922.0,51207392.5,4042837.9
130,106.23,30.92,Sichuan,Southwest_China,5653786.4,11530313.6,13940046.0,1178098.9,1397819.9,15235341.5,87865.1,857231.5,51953423.8,3348071.6
131,110.1,22.68,Guangxi,Central_South_China,5644273.5,11510912.9,14092570.1,978148.1,1160577.3,15431298.9,777789.1,868257.2,52621650.3,2779825.8
132,116.17,35.19,Shandong,East_China,5610570.5,11442179.3,18191099.1,1457184.1,1728955.8,14796419.0,579569.0,832535.1,50456671.7,4141211.4
133,117.72,33.13,Anhui,East_China,5576930.2,11373573.3,23517232.8,1477752.6,1753360.4,14674898.8,178703.5,825697.6,50042280.5,4199665.7
134,80.71,43.94,Xinjiang,Northwest_China,5553110.8,11324996.0,9722652.5,1434385.0,1701904.6,14653699.1,850504.0,824504.8,49969988.3,4076418.2
135,115.22,36.22,Hebei,North_China,5535010.1,11288081.5,17912619.9,1319713.4,1565846.1,14729056.5,671378.7,828744.9,50226961.8,3750529.7
136,119.07,39.77,Hebei,North_China,5531913.2,11281765.7,13780260.2,1328060.3,1575749.8,14710646.0,610149.4,827709.0,50164180.8,3774251.0
137,112.24,22.61,Guangdong,Central_South_China,5498617.3,11213862.2,14128385.1,889247.0,1055095.8,15104334.1,1290480.4,849860.2,51506680.8,2527175.5
138,121.75,37.2,Shandong,East_China,5495609.1,11207727.2,20415566.0,1299304.0,1541630.3,14636537.1,990792.0,823539.2,49911464.9,3692527.6
139,114.34,33.87,Henan,Central_South_China,5481090.4,11178117.9,20576340.4,1417177.1,1681487.3,14462088.2,83405.6,813723.6,49316583.9,4027514.5
140,103.47,30.38,Sichuan,Southwest_China,5447035.6,11108666.6,10872684.2,1064681.7,1263249.9,14756935.9,85106.0,830313.5,50322031.9,3025748.1
141,112.57,32.12,Hubei,Central_South_China,5408511.8,11030101.2,19580145.7,1227208.1,1456088.2,14462219.3,83406.3,813731.0,49317030.8,3487636.4
142,116.75,37.72,Shandong,East_China,5390117.4,10992587.8,18534132.2,1477037.8,1752512.4,14128719.4,81483.0,794966.3,48179776.4,4197634.4
143,112.78,26.42,Hunan,Central_South_China,5385848.6,10983882.2,15609101.6,1086387.9,1289004.4,14553487.0,1536351.9,818866.3,49628259.2,3087435.7
144,117.95,35.04,Shandong,East_China,5344017.6,10898572.0,17208222.3,1321857.0,1568389.6,14167439.9,715623.9,797145.0,48311815.7,3756621.8
145,117.03,39.95,Hebei,North_China,5333466.4,10877054.0,11343710.8,1182517.1,1403062.1,14292514.0,136917.9,804182.4,48738325.6,3360627.9
146,112.91,30.66,Hubei,Central_South_China,5330162.2,10870315.5,20228547.5,1346408.0,1597519.5,14099391.5,81313.8,793316.1,48079766.4,3826393.9
147,119.63,31.9,Jiangsu,East_China,5328257.0,10866429.9,19577989.6,1267989.2,1504475.2,14181589.5,245209.6,797941.1,48360066.5,3603533.5
148,112.88,27.79,Hunan,Central_South_China,5313973.9,10837301.0,11852596.7,1044648.1,1239480.0,14389761.6,910094.3,809654.1,49069945.6,2968814.3
149,117.61,24.54,Fujian,East_China,5308609.6,10826361.2,11117686.3,870645.0,1033024.4,14568822.3,2991280.0,819729.1,49680553.3,2474310.0
150,115.37,37.0,Hebei,North_China,5290793.4,10790026.9,18168084.7,1384074.1,1642210.5,13941960.6,301824.2,784458.1,47542917.7,3933438.3
151,111.69,29.56,Hunan,Central_South_China,5287698.7,10783715.5,15773240.2,1102643.9,1308292.2,14247912.8,145595.8,801672.8,48586233.1,3133633.9
152,114.99,30.84,Hubei,Central_South_China,5278003.2,10763942.4,17850134.6,1125332.9,1335212.8,14194128.2,456676.0,798646.6,48402824.2,3198114.4
153,119.03,34.44,Jiangsu,East_China,5262030.0,10731366.8,21930913.4,1288661.5,1529002.9,13964540.9,228897.3,785728.6,47619917.9,3662282.5
154,116.42,34.4,Anhui,East_China,5258347.0,10723855.7,18493004.4,1357564.5,1610756.7,13876632.0,308978.4,780782.4,47320143.3,3858099.8
155,115.16,38.47,Hebei,North_China,5252469.8,10711869.9,15046296.3,1336974.5,1586326.6,13882471.0,80062.8,781110.9,47340054.6,3799584.6
156,114.82,37.18,Hebei,North_China,5242382.6,10691298.1,18421943.6,1341852.6,1592114.4,13847476.0,220727.4,779141.9,47220719.5,3813447.7
157,112.0,27.7,Hunan,Central_South_China,5224344.6,10654511.3,12853731.4,1089191.0,1292330.3,14077473.1,900251.4,792082.9,48005023.4,3095401.9
158,112.0,30.71,Hubei,Central_South_China,5223889.9,10653584.0,18129891.7,1129802.2,1340515.7,14030684.4,80917.6,789450.3,47845471.2,3210816.0
159,118.24,35.44,Shandong,East_China,5223026.8,10651823.8,17433668.1,1327029.9,1574527.2,13807394.5,749236.8,776886.6,47084039.2,3771322.7
160,104.86,29.54,Sichuan,Southwest_China,5166316.3,10536168.7,12425496.5,1094439.2,1298557.3,13901694.5,80173.7,782192.5,47405608.0,3110317.0
161,121.14,32.09,Jiangsu,East_China,5159782.9,10522844.5,15698425.4,1144824.2,1358339.3,13826167.7,246917.6,777942.9,47148056.9,3253507.3
162,107.46,40.96,Inner Mongolia,North_China,5156195.6,10515528.5,8157838.0,1348894.0,1600469.1,13587242.7,344409.8,764499.6,46333308.4,3833459.0
163,119.16,35.37,Shandong,East_China,5135742.9,10473817.4,17602796.0,1298381.6,1540535.9,13583898.3,559159.9,764311.4,46321903.7,3689906.4
164,116.31,37.51,Shandong,East_China,5126355.2,10454672.1,16600983.2,1332942.5,1581542.6,13517726.4,153882.7,760588.2,46096253.6,3788126.0
165,116.87,28.84,Jiangxi,East_China,5120490.9,10442712.4,16816152.8,1048301.3,1243814.4,13819163.3,1145582.4,777548.8,47124171.5,2979196.3
166,118.61,34.72,Shandong,East_China,5117096.7,10435790.4,19417854.6,1307258.5,1551068.4,13519366.8,414120.2,760680.5,46101847.6,3715133.9
167,112.11,26.89,Hunan,Central_South_China,5082484.4,10365202.1,14484370.9,1036603.0,1229934.3,13720976.4,1229101.7,772024.2,46789348.4,2945950.4
168,120.0,32.66,Jiangsu,East_China,5079502.2,10359120.1,16731313.4,1061623.3,1259621.0,13684238.6,78919.6,769957.2,46664070.1,3017056.4
169,113.33,34.45,Henan,Central_South_China,5063279.8,10326036.4,17386580.2,1214466.6,1440970.3,13465658.2,200748.3,757658.5,45918698.2,3451426.0
170,116.46,39.3,Hebei,North_China,5050830.9,10300648.1,14250898.0,1282113.6,1521233.9,13353489.1,77012.1,751347.2,45536194.6,3643674.0
171,113.8,27.71,Jiangxi,East_China,5041092.1,10280786.9,10773472.9,980201.2,1163013.3,13662914.0,905820.6,768757.3,46591352.2,2785660.7
172,117.0,36.89,Shandong,East_China,5026287.7,10250594.8,15994314.6,1293728.7,1535015.2,13268626.6,374016.3,746572.3,45246808.5,3676683.1
173,116.71,28.25,Jiangxi,East_China,5024816.0,10247593.4,12913247.0,1031966.1,1224432.7,13557316.2,1327073.0,762815.7,46231257.3,2932772.8
174,119.15,29.1,Zhejiang,East_China,5004855.1,10206885.1,9103237.1,925678.7,1098322.2,13617842.2,1274337.1,766221.3,46437654.6,2630711.8
175,112.65,30.15,Hubei,Central_South_China,5001393.4,10199825.5,19987512.7,1207974.3,1433267.2,13291724.8,76655.9,747872.0,45325574.7,3432975.4
176,116.65,36.17,Shandong,East_China,5000389.7,10197778.4,17427461.4,1310579.6,1555008.8,13173936.6,679626.7,741244.5,44923910.1,3724572.1
177,113.89,31.47,Hubei,Central_South_China,4994631.2,10186034.5,17755139.8,1137229.7,1349328.5,13351111.7,294146.0,751213.4,45528087.5,3231924.5
178,112.86,23.47,Guangdong,Central_South_China,4990661.9,10177939.6,9710804.9,875879.4,1039235.1,13632027.1,1600080.8,767019.4,46486026.0,2489185.8
179,119.16,33.28,Jiangsu,East_China,4981951.6,10160175.8,19637246.2,1105586.9,1311784.1,13349405.3,76988.5,751117.4,45522268.6,3141997.8
180,123.35,42.74,Liaoning,Northeast_China,4979720.0,10155624.7,15192380.4,1362855.6,1617034.6,13054902.6,155634.3,734547.0,44517997.1,3873136.9
181,111.91,30.14,Hubei,Central_South_China,4939031.2,10072644.1,17492537.7,1181184.4,1401480.9,13139117.8,75775.8,739285.4,44805175.7,3356840.4
182,116.62,32.43,Anhui,East_China,4928560.3,10051289.8,19556616.7,1205788.9,1430674.2,13080919.0,75440.1,736010.8,44606714.3,3426764.5
183,121.98,41.46,Liaoning,Northeast_China,4927096.1,10048303.7,15550705.2,1280969.6,1519876.4,12992479.8,204724.0,731034.7,44305131.5,3640422.6
184,118.33,37.67,Shandong,East_China,4916833.4,10027373.9,16221411.7,1294793.1,1536278.1,12946958.0,121966.7,728473.3,44149899.4,3679708.0
185,104.73,31.3,Sichuan,Southwest_China,4907132.5,10007590.0,11006030.2,966123.3,1146309.9,13286444.3,76625.4,747574.9,45307567.8,2745652.4
186,117.91,37.17,Shandong,East_China,4893643.2,9980080.0,18679721.6,1300507.6,1543058.4,12872661.9,282042.7,724293.0,43896545.2,3695948.4
187,117.05,39.29,Tianjin,North_China,4883872.7,9960154.0,8295746.9,1099935.6,1305078.8,13068560.5,75368.9,735315.4,44564571.2,3125937.1
188,113.12,28.33,Hunan,Central_South_China,4862166.2,9915885.8,9282217.9,920786.7,1092517.8,13205531.5,608328.4,743022.2,45031650.6,2616809.0
189,115.73,32.09,Henan,Central_South_China,4857942.9,9907272.9,15845282.3,1058600.4,1256034.4,13038906.9,75197.8,733646.9,44463450.8,3008465.6
190,106.44,30.47,Sichuan,Southwest_China,4855908.9,9903124.7,13398366.9,1027764.7,1219447.7,13067466.7,75362.5,735253.9,44560841.4,2920832.8
191,119.9,36.91,Shandong,East_China,4843645.2,9878114.2,18616004.7,1275570.4,1513470.3,12754183.0,370697.5,717626.7,43492525.0,3625078.5
192,115.39,27.96,Jiangxi,East_China,4842824.9,9876441.3,12897069.2,1008246.5,1196289.2,13051004.8,1032479.3,734327.6,44504705.2,2865363.4
193,114.9,31.99,Henan,Central_South_China,4801454.2,9792070.1,18955945.5,1147015.0,1360938.7,12774545.7,73673.2,718772.4,43561963.3,3259733.5
194,105.22,30.27,Sichuan,Southwest_China,4782503.3,9753421.6,12046484.5,1046224.0,1241349.8,12831876.5,74003.8,721998.2,43757464.6,2973292.9
195,115.46,28.62,Jiangxi,East_China,4779820.9,9747951.2,14508712.2,1020359.8,1210661.7,12852973.4,820087.4,723185.2,43829406.2,2899788.5
196,108.18,23.01,Guangxi,Central_South_China,4772214.1,9732437.8,10806739.4,857787.1,1017768.5,13012673.3,984848.0,732170.9,44373992.5,2437768.9
197,110.82,22.45,Guangdong,Central_South_China,4767565.6,9722957.8,11634632.8,798533.3,947463.6,13065387.5,677020.7,735136.9,44553751.0,2269373.8
198,114.84,30.27,Hubei,Central_South_China,4753937.4,9695164.5,12427717.2,937577.1,1112439.7,12869848.9,286546.8,724134.7,43886952.6,2664526.1
199,113.93,35.71,Henan,Central_South_China,4750470.9,9688095.0,12383427.3,958572.3,1137350.6,12836198.6,457355.1,722241.4,43772203.3,2724192.9
200,111.48,29.11,Hunan,Central_South_China,4718182.4,9622245.8,13926738.7,973051.9,1154530.7,12725451.7,325545.4,716010.1,43394549.9,2765343.0
201,110.36,21.55,Guangdong,Central_South_China,4717577.8,9621012.7,10280831.1,907811.3,1077122.5,12796707.1,270652.7,720019.3,43637534.9,2579934.0
202,117.25,38.07,Hebei,North_China,4698695.1,9582503.5,16624260.7,1261642.3,1496944.5,12345366.1,71198.1,694624.2,42098435.3,3585495.8
203,117.04,31.58,Anhui,East_China,4690154.6,9565086.1,15606769.6,923012.1,1095158.3,12699398.8,73239.8,714544.2,43305707.7,2623133.6
204,111.45,27.72,Hunan,Central_South_China,4675007.1,9534194.2,12212992.9,1005975.6,1193594.8,12562184.0,835542.1,706823.7,42837797.1,2858909.6
205,115.77,29.94,Hubei,Central_South_China,4671809.6,9527673.3,15264267.0,1023735.8,1214667.3,12532942.5,615194.2,705178.3,42738081.8,2909382.8
206,116.03,27.82,Jiangxi,East_China,4671298.9,9526631.8,14593732.0,917538.5,1088663.8,12650316.9,1185712.3,711782.5,43138335.5,2607578.0
207,111.68,26.46,Hunan,Central_South_China,4664829.0,9513437.1,14063698.9,1048592.5,1244160.0,12484680.7,1302994.9,702462.9,42573506.3,2980023.9
208,121.83,39.65,Liaoning,Northeast_China,4655683.0,9494784.7,14473392.1,1101383.4,1306796.6,12398811.2,469375.0,697631.3,42280686.0,3130051.7
209,122.23,41.04,Liaoning,Northeast_China,4653462.9,9490257.0,14653529.8,932750.3,1106712.7,12581066.7,97075.1,707886.1,42902188.4,2650808.8
210,118.77,32.96,Jiangsu,East_China,4644920.6,9472835.9,17472655.6,1007027.8,1194843.2,12472914.4,71933.6,701800.8,42533382.3,2861900.0
211,112.19,29.65,Hubei,Central_South_China,4630830.6,9444100.9,17071798.0,1038620.5,1232328.1,12396297.0,71491.8,697489.9,42272112.5,2951684.0
212,113.08,28.82,Hunan,Central_South_China,4629652.6,9441698.5,12060263.4,958135.6,1136832.4,12482937.0,382550.0,702364.7,42567560.0,2722952.0
213,116.13,32.46,Anhui,East_China,4614191.9,9410168.0,16667726.0,1105094.0,1311199.2,12273174.0,70781.7,690562.2,41852255.6,3140596.9
214,117.75,35.76,Shandong,East_China,4605578.7,9392602.1,15451434.8,1218213.3,1445415.8,12121336.8,692802.0,682019.0,41334481.8,3462073.9
215,105.5,30.67,Sichuan,Southwest_China,4593371.5,9367706.8,10454658.3,967114.7,1147486.2,12366656.8,71320.8,695822.1,42171037.7,2748470.0
216,118.59,37.23,Shandong,East_China,4591326.4,9363536.1,16591895.7,1180189.7,1400300.6,12122167.8,92232.1,682065.7,41337315.7,3354013.5
217,113.59,34.87,Henan,Central_South_China,4582046.3,9344610.3,12303047.6,1027251.0,1218838.2,12266184.9,347724.8,690169.0,41828422.5,2919373.0
218,120.56,31.78,Jiangsu,East_China,4559840.1,9299323.0,13401665.2,1016445.1,1206016.9,12213261.5,237117.8,687191.2,41647950.7,2888663.3
219,114.88,28.19,Jiangxi,East_China,4556294.2,9292091.6,13098362.5,935436.9,1109900.3,12293554.4,797406.9,691708.9,41921754.0,2658443.8
220,112.38,33.11,Henan,Central_South_China,4547308.7,9273766.6,17422990.9,1153563.7,1368708.8,12023089.3,78856.4,676491.0,40999452.0,3278344.5
221,81.21,43.84,Xinjiang,Northwest_China,4544995.5,9269049.1,9520880.5,1209389.0,1434945.8,11953829.4,622503.4,672594.0,40763271.8,3436995.9
222,116.01,39.45,Hebei,North_China,4544884.8,9268823.3,11589704.1,1051498.4,1247607.8,12130237.0,69957.4,682519.7,41364832.2,2988282.2
223,113.17,30.24,Hubei,Central_South_China,4537805.0,9254384.7,17028669.2,1067713.4,1266847.0,12091357.8,69733.1,680332.2,41232251.5,3034364.0
224,118.85,35.94,Shandong,East_China,4536831.7,9252399.7,15329073.1,1151363.4,1366098.1,11994875.9,521405.5,674903.5,40903242.5,3272091.3
225,112.5,30.94,Hubei,Central_South_China,4531823.3,9242185.7,16047640.2,1041431.6,1235663.5,12103261.7,162068.7,681001.9,41272844.8,2959673.0
226,118.81,33.66,Jiangsu,East_China,4531546.4,9241620.9,15878657.9,1025140.3,1216333.8,12120686.1,69902.3,681982.3,41332263.0,2913374.3
227,114.48,30.88,Hubei,Central_South_China,4524539.3,9227330.7,14166808.1,980776.5,1163696.0,12149827.5,282192.3,683622.0,41431636.7,2787295.8
228,121.19,31.38,Shanghai,East_China,4514010.7,9205858.6,5281950.5,797133.8,945803.1,12324556.8,480593.6,693453.3,42027474.2,2265396.5
229,114.49,36.82,Hebei,North_China,4512408.8,9202591.9,12094684.5,994238.9,1179669.2,12099241.1,353236.4,680775.7,41259134.2,2825555.0
230,112.47,28.05,Hunan,Central_South_China,4511608.4,9200959.4,12231198.5,916790.0,1087775.7,12183588.3,642998.2,685521.6,41546763.2,2605450.7
231,106.18,37.99,Ningxia,Northwest_China,4510135.8,9197956.2,6929961.2,1074407.3,1274789.4,12002850.8,97334.0,675352.2,40930437.6,3053387.7
232,105.53,29.03,Sichuan,Southwest_China,4508001.6,9193603.9,12062842.0,930438.9,1103970.2,12157750.3,70116.0,684067.8,41458654.1,2644240.0
233,116.66,35.29,Shandong,East_China,4497998.7,9173203.9,15805467.5,1132303.3,1343483.2,11902509.3,572320.4,669706.4,40588267.0,3217923.8
234,115.18,37.52,Hebei,North_China,4497280.3,9171738.7,17188512.0,1275292.1,1513140.1,11740354.1,67708.8,660582.6,40035308.0,3624287.7
235,116.19,37.99,Hebei,North_China,4482875.4,9142361.5,15432616.0,1207737.4,1432986.1,11773793.3,68192.6,662464.1,40149337.9,3432302.1
236,115.83,37.41,Hebei,North_China,4478131.3,9132686.3,15878850.9,1248930.4,1481861.8,11713794.1,133769.4,659088.2,39944737.0,3549369.7
237,112.3,26.43,Hunan,Central_South_China,4471393.7,9118945.7,12261020.8,892191.2,1058589.0,12093375.7,1260039.3,680445.7,41239133.0,2535542.6
238,115.64,33.7,Anhui,East_China,4454912.4,9085333.9,17403316.0,1148882.4,1363154.5,11757797.2,67809.4,661564.0,40094790.3,3265040.6
239,111.57,30.51,Hubei,Central_South_China,4452623.5,9080665.9,11340596.9,902726.6,1071089.4,12026625.0,76842.5,676689.9,41011508.8,2565483.6
240,119.74,35.91,Shandong,East_China,4449616.6,9074533.6,17628543.7,1228555.8,1457687.3,11653110.4,579331.8,655673.7,39737801.8,3491466.6
241,117.0,25.09,Fujian,East_China,4434052.3,9042791.7,10955632.3,698998.1,829364.6,12200288.6,2205694.5,686461.3,41603712.2,1986502.0
242,116.55,23.45,Guangdong,Central_South_China,4432882.7,9040406.4,4410200.4,728030.5,863811.6,12164367.3,2483889.2,684440.1,41481218.3,2069009.8
243,120.32,30.26,Zhejiang,East_China,4430122.3,9034776.9,4887704.6,766863.4,909887.1,12112818.1,811453.4,681539.6,41305432.4,2179370.3
244,122.72,42.25,Liaoning,Northeast_China,4403665.9,8980821.8,14751102.2,1246284.6,1478722.6,11498724.5,381995.8,646987.1,39211336.6,3541850.6
245,114.91,26.84,Jiangxi,East_China,4402692.1,8978835.9,13052007.2,894954.4,1061867.6,11889127.7,1217051.3,668953.5,40542635.0,2543395.5
246,125.65,44.29,Jilin,Northeast_China,4397229.1,8967694.6,19735298.7,1454823.6,1726155.0,11246453.9,64860.4,632792.8,38351079.0,4134503.1
247,110.14,22.19,Guangxi,Central_South_China,4395288.5,8963737.1,7872291.7,767052.7,910111.6,12010614.7,424912.7,675789.1,40956913.0,2179908.1
248,106.11,31.4,Sichuan,Southwest_China,4390069.9,8953094.2,11747491.5,960555.9,1139704.1,11778740.7,67930.2,662742.4,40166208.6,2729830.3
249,107.07,30.91,Sichuan,Southwest_China,4383745.5,8940196.3,12029982.2,956241.5,1134585.0,11765052.6,67851.3,661972.3,40119531.5,2717568.9
250,124.28,43.28,Jilin,Northeast_China,4374592.0,8921528.6,15875701.9,1334602.4,1583512.1,11314740.7,65254.2,636635.0,38583941.1,3792843.2
251,109.14,34.66,Shaanxi,Northwest_China,4369474.7,8911092.5,8851999.8,971986.6,1153266.7,11705644.4,212954.9,658629.6,39916946.0,2762315.4
252,109.77,23.06,Guangxi,Central_South_China,4364454.1,8900853.4,10841239.9,852235.0,1011180.8,11824985.7,730107.5,665344.5,40323907.1,2421989.9
253,115.92,28.84,Jiangxi,East_China,4353633.0,8878784.9,11449294.6,865827.6,1027308.5,11778087.5,809018.6,662705.7,40163981.3,2460619.2
254,105.0,29.04,Sichuan,Southwest_China,4352589.1,8876656.0,11865979.0,960336.2,1139443.5,11669244.6,67298.7,656581.5,39792820.5,2729206.0
255,113.39,31.74,Hubei,Central_South_China,4346244.5,8863716.8,13148821.7,926107.8,1098831.2,11688980.8,155716.7,657692.0,39860122.2,2631931.1
256,114.07,34.79,Henan,Central_South_China,4335729.9,8842273.4,13507320.7,1009152.6,1197364.3,11565240.2,280464.1,650729.6,39438159.1,2867938.4
257,122.43,41.64,Liaoning,Northeast_China,4335520.4,8841846.2,16795149.6,1265259.5,1501236.4,11277958.6,289737.7,634565.4,38458511.8,3595775.8
258,112.97,29.68,Hunan,Central_South_China,4330480.3,8831567.5,15351733.2,983190.0,1166559.6,11578930.3,66777.9,651499.9,39484843.5,2794154.8
259,120.18,36.5,Shandong,East_China,4329681.2,8829937.7,17396948.9,1177643.6,1397279.7,11358932.7,478908.4,639121.5,38734638.5,3346777.8
260,112.03,29.14,Hunan,Central_South_China,4316681.0,8803425.2,15760165.6,941225.4,1116768.4,11585498.9,212176.6,651869.5,39507242.5,2674894.3
261,103.8,29.99,Sichuan,Southwest_China,4307017.7,8783717.8,11485387.3,891467.6,1057730.6,11612900.3,66973.8,653411.3,39600683.0,2533486.4
262,113.05,22.66,Guangdong,Central_South_China,4303997.5,8777558.5,5031354.6,724398.0,859501.6,11791063.5,1218451.8,663435.8,40208230.2,2058686.5
263,114.41,27.97,Jiangxi,East_China,4280790.2,8730229.5,10212159.7,875397.5,1038663.3,11554095.1,735001.7,650102.5,39400153.9,2487816.3
264,119.53,32.5,Jiangsu,East_China,4277609.5,8723742.8,14208227.8,906564.5,1075643.1,11509896.1,66379.7,647615.6,39249432.6,2576390.6
265,118.17,33.3,Jiangsu,East_China,4266366.3,8700813.6,17234190.8,1009202.3,1197423.3,11362091.1,73544.7,639299.2,38745408.9,2868079.8
266,120.26,37.26,Shandong,East_China,4264930.8,8697885.9,15643839.5,1114770.6,1322680.6,11239722.2,352298.0,632414.0,38328123.3,3168097.3
267,117.59,32.1,Anhui,East_China,4255243.2,8678129.0,14585332.3,925824.5,1098495.1,11422850.3,65877.7,642717.9,38952601.3,2631126.1
268,120.32,33.65,Jiangsu,East_China,4253212.7,8673988.0,17697072.0,1046381.1,1241536.2,11281962.5,65065.2,634790.7,38472165.3,2973739.3
269,104.78,30.75,Sichuan,Southwest_China,4251879.0,8671268.2,11018977.8,905742.4,1074667.6,11435478.7,65950.6,643428.5,38995664.9,2574054.2
270,120.09,31.79,Jiangsu,East_China,4238117.2,8643202.3,9846058.7,871998.5,1034630.3,11432955.2,215724.7,643286.5,38987059.6,2478156.5
271,115.8,36.5,Shandong,East_China,4232681.9,8632117.7,15486479.5,1075830.5,1276477.9,11188885.9,453549.7,629553.7,38154768.7,3057432.1
272,112.64,27.34,Hunan,Central_South_China,4229536.1,8625702.1,11044991.5,834173.5,989750.8,11450168.9,869060.0,644255.0,39045759.2,2370660.6
273,116.08,38.51,Hebei,North_China,4210900.9,8587697.5,14448782.1,1084962.0,1287312.6,11114890.8,64101.7,625390.3,37902440.8,3083383.4
274,123.7,42.38,Liaoning,Northeast_China,4184271.2,8533389.0,12832701.9,1084596.8,1286879.2,11037329.0,237069.8,621026.2,37637950.7,3082345.4
275,122.72,41.0,Liaoning,Northeast_China,4162428.4,8488842.8,14664465.2,1041175.8,1235360.0,11021976.8,204567.6,620162.4,37585598.6,2958946.0
276,116.92,32.05,Anhui,East_China,4158501.9,8480835.2,14980658.7,897424.7,1064798.7,11171385.1,64427.5,628569.0,38095089.8,2550416.0
277,117.41,36.17,Shandong,East_China,4153444.6,8470521.4,14589453.4,1152347.4,1367265.6,10871235.1,567711.8,611680.7,37071560.4,3274887.7
278,118.38,24.89,Fujian,East_China,4141701.4,8446572.3,7541665.7,676909.5,803156.3,11369023.3,2376946.2,639689.3,38769047.9,1923727.7
279,118.37,35.93,Shandong,East_China,4122899.5,8408227.7,14031629.6,1096476.8,1300974.9,10844337.9,495373.4,610167.3,36979839.2,3116107.6
280,126.63,44.62,Jilin,Northeast_China,4116958.8,8396112.4,18958190.4,1364837.2,1619385.8,10526560.1,60708.7,592287.3,35896198.0,3878768.4
281,117.43,37.29,Shandong,East_China,4099876.0,8361273.8,15007477.2,1044853.6,1239723.8,10834709.7,208438.7,609625.6,36947006.7,2969398.2
282,107.16,30.06,Chongqing,Southwest_China,4093370.9,8348007.2,12567652.0,845861.7,1003618.9,11038400.5,63660.5,621086.5,37641604.5,2403877.7
283,109.15,22.3,Guangxi,Central_South_China,4086130.9,8333242.1,12163619.4,755032.1,895849.2,11118870.7,458009.4,625614.2,37916012.6,2145746.5
284,114.03,30.95,Hubei,Central_South_China,4077511.0,8315662.7,14409836.3,912349.7,1082507.2,10917541.7,177897.8,614286.2,37229468.9,2592831.7
285,121.16,30.87,Shanghai,East_China,4076438.9,8313476.2,9857114.9,803264.7,953077.4,11036504.7,580703.5,620979.8,37635139.5,2282820.1
286,112.63,22.3,Guangdong,Central_South_China,4073310.3,8307095.7,9541733.3,751024.4,891094.0,11085818.3,957706.0,623754.5,37803301.9,2134356.9
287,122.88,41.76,Liaoning,Northeast_China,4070208.9,8300770.9,12707780.6,979135.2,1161748.5,10821406.5,377914.7,608877.1,36901642.1,2782631.2
288,118.69,39.98,Hebei,North_China,4039963.2,8239087.9,9352377.5,915100.3,1085770.8,10804524.7,381423.4,607927.2,36844074.0,2600648.6
289,111.94,27.27,Hunan,Central_South_China,4021505.3,8201444.9,13000197.0,895616.7,1062653.5,10772289.3,837957.4,606113.5,36734149.5,2545277.8
290,120.54,41.74,Liaoning,Northeast_China,4011850.3,8181754.5,10961947.8,888120.8,1053759.5,10752410.5,412925.6,604995.0,36666361.3,2523974.8
291,105.96,30.5,Sichuan,Southwest_China,4006845.6,8171547.8,10884036.3,906209.8,1075222.2,10717509.1,61809.9,603031.2,36547345.6,2575382.4
292,114.37,38.43,Hebei,North_China,4002983.0,8163670.5,10817313.6,961634.2,1140983.5,10644161.6,134682.2,598904.2,36297226.3,2732894.6
293,106.63,31.24,Sichuan,Southwest_China,3993421.5,8144170.9,10998141.7,898485.0,1066056.7,10686850.8,61633.1,601306.2,36442798.9,2553429.2
294,117.79,32.63,Anhui,East_China,3983010.6,8122938.9,15621152.2,953273.3,1131063.3,10595041.9,61103.6,596140.5,36129725.3,2709133.6
295,105.8,31.02,Sichuan,Southwest_China,3968507.4,8093361.1,10262934.1,897118.5,1064435.3,10615433.0,61221.2,597287.8,36199260.1,2549545.6
296,103.75,29.52,Sichuan,Southwest_China,3966066.3,8088382.8,11408285.4,825119.0,979007.6,10688876.7,61644.8,601420.2,36449707.5,2344928.5
297,125.17,44.19,Jilin,Northeast_China,3965035.7,8086280.8,17055212.6,1353703.3,1606175.4,10094198.7,58215.1,567960.0,34421820.0,3847126.6
298,118.44,36.46,Shandong,East_China,3963612.9,8083379.2,12541976.7,956676.1,1135100.8,10534437.4,306157.5,592730.5,35923060.1,2718804.2
299,104.44,29.96,Sichuan,Southwest_China,3956575.0,8069026.1,10987397.4,896805.9,1064064.4,10580845.2,61021.7,595341.7,36081313.6,2548657.3
300,119.64,32.99,Jiangsu,East_China,3956423.7,8068717.6,15394148.5,882525.1,1047120.2,10596387.2,61111.4,596216.2,36134312.6,2508072.5
301,112.0,28.67,Hunan,Central_South_China,3944697.6,8044803.5,11492096.4,816567.0,968860.6,10635882.7,352922.3,598438.4,36268994.8,2320624.2
302,116.45,31.95,Anhui,East_China,3935081.5,8025192.3,14174450.9,874243.6,1037294.1,10543167.9,60804.4,593221.7,35952831.8,2484536.8
303,113.34,27.59,Hunan,Central_South_China,3917218.9,7988763.6,10663031.6,824492.8,978264.6,10546554.8,730398.3,593412.3,35964381.2,2343148.8
304,114.28,32.18,Henan,Central_South_China,3905744.7,7965363.0,14882354.3,991530.6,1176455.8,10325988.4,59551.9,581001.9,35212236.5,2817858.2
305,113.81,23.02,Guangdong,Central_South_China,3886127.3,7925355.4,2783859.3,619465.1,734998.3,10685013.7,1367891.9,601202.8,36436534.4,1760474.9
306,118.3,28.55,Jiangxi,East_China,3875593.0,7903871.6,10817463.2,763577.9,905988.7,10492859.8,1025975.9,590391.1,35781278.0,2170032.9
307,120.06,34.16,Jiangsu,East_China,3868253.8,7888904.2,16252354.1,983971.1,1167486.4,10224678.3,58967.6,575301.6,34866763.1,2796374.6
308,120.8,37.57,Shandong,East_China,3868186.8,7888767.5,14043307.5,928799.3,1102024.7,10286237.5,427113.1,578765.3,35076683.7,2639580.2
309,111.69,34.6,Henan,Central_South_China,3841072.8,7833471.4,15691844.6,1044474.2,1239273.5,10077370.7,464572.3,567013.2,34364435.5,2968319.9
310,123.98,42.78,Liaoning,Northeast_China,3837751.0,7826696.8,13551533.7,1120560.1,1329549.9,9982479.3,100865.0,561674.0,34040850.0,3184550.7
311,87.48,44.25,Xinjiang,Northwest_China,3833301.0,7817621.6,9105754.1,988679.0,1173072.3,10117068.4,58347.0,569246.8,34499807.1,2809754.1
312,113.13,33.7,Henan,Central_South_China,3825163.6,7801026.2,12686413.7,955277.8,1133441.7,10130629.4,58425.2,570009.8,34546050.9,2714830.4
313,121.3,37.0,Shandong,East_China,3817024.4,7784427.2,14258181.5,932835.9,1106814.2,10131918.2,597221.3,570082.4,34550445.7,2651052.1
314,116.6,38.27,Hebei,North_China,3814071.7,7778405.5,12738547.0,1002567.2,1189550.8,10045220.5,57932.7,565204.2,34254801.5,2849223.4
315,105.89,29.77,Chongqing,Southwest_China,3806909.4,7763798.7,11934239.6,852275.8,1011229.2,10192475.4,58781.9,573489.7,34756949.4,2422106.0
316,76.02,39.35,Xinjiang,Northwest_China,3790124.8,7729568.2,9644088.3,1023628.8,1214540.4,9951530.2,1049971.5,559932.6,33935311.8,2909078.8
317,115.9,33.28,Anhui,East_China,3787170.8,7723543.8,15814639.0,1032060.3,1224544.4,9933443.4,57288.0,558915.0,33873634.7,2933040.4
318,103.71,24.98,Yunnan,Southwest_China,3771750.7,7692096.1,5988810.9,785710.8,932249.6,10164040.4,1042897.7,571889.7,34659984.2,2232933.2
319,105.35,29.48,Chongqing,Southwest_China,3771166.8,7690905.2,10621135.4,835111.8,990864.1,10107034.7,58289.2,568682.3,34465591.4,2373327.1
320,113.86,33.92,Henan,Central_South_China,3764965.9,7678259.2,11751663.0,890491.2,1056572.0,10026891.1,57827.0,564172.9,34192296.9,2530711.3
321,124.82,43.74,Jilin,Northeast_China,3754452.2,7656817.7,17876259.2,1383033.6,1640976.0,9444790.0,54469.9,531420.4,32207297.4,3930481.3
322,115.34,38.87,Hebei,North_China,3746509.8,7640619.8,9133357.2,854471.6,1013834.6,10013170.1,57747.8,563400.9,34145507.7,2428346.3
323,114.86,27.3,Jiangxi,East_China,3739066.5,7625440.1,12066677.6,773241.5,917454.7,10082300.0,892200.8,567290.5,34381244.5,2197496.3
324,117.58,35.35,Shandong,East_China,3737349.6,7621938.6,12779185.2,990670.3,1175434.9,9833898.4,632842.5,553314.0,33534180.3,2815413.0
325,127.06,46.64,Heilongjiang,Northeast_China,3734367.4,7615856.7,14005825.0,1086472.6,1289104.9,9717932.1,56045.1,546789.0,33138728.4,3087676.3
326,126.02,44.62,Jilin,Northeast_China,3727143.8,7601124.9,17681752.3,1229089.4,1458320.3,9537146.5,55002.5,536616.9,32522238.8,3492982.8
327,110.29,19.79,Hainan,Central_South_China,3717355.2,7581162.0,8070732.2,700122.8,830699.0,10100574.1,58251.9,568318.7,34443560.4,1989698.1
328,123.22,42.26,Liaoning,Northeast_China,3708712.3,7563535.8,12620367.8,1062020.9,1260092.9,9670184.8,264763.4,544102.5,32975907.3,3018186.5
329,119.17,31.82,Jiangsu,East_China,3707878.8,7561835.9,15427455.8,904783.9,1073530.4,9843744.4,199167.4,553868.0,33567755.7,2571330.3
330,113.31,27.07,Hunan,Central_South_China,3701398.8,7548620.6,10750538.9,775820.1,920514.2,9969124.2,856235.3,560922.6,33995308.4,2204824.5
331,125.32,44.65,Jilin,Northeast_China,3698518.0,7542745.5,17793492.4,1350207.6,1602027.7,9317760.2,53737.3,524273.0,31774118.3,3837192.1
332,112.48,37.52,Shanxi,North_China,3690736.3,7526875.5,7933294.5,850953.7,1009660.6,9853805.6,69906.8,554434.1,33602065.0,2418348.7
333,115.81,34.58,Shandong,East_China,3683295.7,7511701.2,12581971.2,974472.8,1156216.6,9693761.3,170929.1,545429.0,33056304.4,2769381.0
334,113.23,30.98,Hubei,Central_South_China,3681482.2,7508002.7,13140146.4,820569.1,973609.2,9860720.4,107491.5,554823.1,33625644.9,2331998.0
335,107.64,31.04,Sichuan,Southwest_China,3680644.2,7506293.8,9666883.5,779079.4,924381.4,9904707.6,57122.3,557298.1,33775644.1,2214087.1
336,114.79,38.74,Hebei,North_China,3669980.6,7484546.4,7938891.5,882516.8,1047110.3,9757704.5,99309.9,549026.8,33274354.5,2508048.7
337,115.95,35.83,Shandong,East_China,3659698.5,7463577.1,12423495.9,933298.2,1107362.8,9670757.7,557029.8,544134.7,32977860.7,2652365.9
338,121.56,41.92,Liaoning,Northeast_China,3647911.5,7439538.9,10355390.0,945567.5,1121920.3,9622512.7,290930.0,541420.2,32813342.7,2687234.3
339,116.49,38.8,Hebei,North_China,3641024.9,7425494.3,11861072.7,973938.4,1155582.5,9570592.5,55195.4,538498.8,32636291.7,2767862.3
340,114.22,36.49,Hebei,North_China,3640600.0,7424627.7,9446191.4,855671.0,1015257.7,9701728.6,320110.4,545877.3,33083473.6,2431754.9
341,117.43,39.72,Tianjin,North_China,3631547.4,7406166.0,11625715.3,964331.0,1144183.3,9553596.8,55097.4,537542.5,32578335.2,2740558.8
342,119.04,32.51,Anhui,East_China,3616158.2,7374781.2,14849541.5,848330.4,1006548.1,9638380.8,55586.4,542313.0,32867453.5,2410893.6
343,122.78,45.55,Jilin,Northeast_China,3615964.1,7374385.5,13252086.5,889851.8,1055813.4,9591336.5,55315.0,539666.0,32707029.7,2528894.3
344,115.72,29.44,Jiangxi,East_China,3609229.4,7360650.7,11927942.9,754924.7,895721.8,9722645.4,516902.9,547054.2,33154801.1,2145441.4
345,104.75,30.29,Sichuan,Southwest_China,3601715.6,7345327.1,8515190.8,813238.9,964911.9,9635372.6,55569.0,542143.7,32857195.4,2311166.1
346,110.26,25.26,Guangxi,Central_South_China,3601372.5,7344627.3,8179510.3,624575.1,741061.3,9845545.0,1306928.6,553969.3,33573896.1,1774997.1
347,104.98,28.55,Sichuan,Southwest_China,3600135.4,7342104.4,9864874.5,772805.3,916937.1,9676004.4,55803.3,544429.9,32995752.4,2196256.6
348,112.26,25.57,Hunan,Central_South_China,3591477.4,7324447.2,8601661.5,763938.3,906416.4,9660579.1,1271895.8,543562.0,32943151.3,2171057.3
349,118.43,31.13,Anhui,East_China,3587169.4,7315661.6,12561204.3,769435.1,912938.4,9641812.9,314569.8,542506.1,32879157.4,2186678.8
350,103.83,30.94,Sichuan,Southwest_China,3582398.6,7305932.0,9186322.0,691874.9,820912.9,9714659.6,56026.3,546604.9,33127569.0,1966258.3
351,119.53,31.44,Jiangsu,East_China,3571957.2,7284638.0,14100234.7,870809.1,1033219.1,9483801.4,305604.3,533615.4,32340328.8,2474776.3
352,111.75,21.95,Guangdong,Central_South_China,3543671.0,7226951.1,7840605.1,673771.3,799432.9,9621531.0,576532.3,541364.9,32809994.9,1914809.2
353,120.5,30.72,Zhejiang,East_China,3533335.3,7205872.5,7708377.6,709621.7,841969.5,9551140.1,501313.5,537404.3,32569957.6,2016693.5
354,107.65,30.07,Chongqing,Southwest_China,3529041.7,7197116.1,10253783.1,759399.9,901031.6,9482850.3,54689.4,533561.9,32337085.5,2158159.5
355,112.21,32.27,Hubei,Central_South_China,3526004.5,7190922.2,10727084.7,776887.0,921780.1,9454383.9,54525.2,531960.2,32240013.2,2207856.6
356,112.39,30.48,Hubei,Central_South_China,3523000.3,7184795.2,12732479.7,780542.1,926116.9,9441496.2,54450.9,531235.1,32196065.4,2218244.2
357,123.17,41.34,Liaoning,Northeast_China,3514985.2,7168449.4,9422628.3,725228.8,860487.5,9479942.4,306901.4,533398.3,32327169.3,2061047.8
358,114.3,33.13,Henan,Central_South_China,3514669.0,7167804.5,13133244.8,915037.6,1085696.4,9266557.9,53442.0,521392.0,31599515.5,2600470.4
359,114.67,25.68,Jiangxi,East_China,3513642.7,7165711.6,8092596.3,683828.9,811366.2,9522351.9,1286174.9,535784.5,32471788.1,1943392.1
360,102.76,37.84,Gansu,Northwest_China,3509479.0,7157220.0,5153879.4,821383.4,974575.3,9356191.7,469622.0,526435.3,31905171.9,2334312.2
361,126.92,44.99,Jilin,Northeast_China,3509315.6,7156886.8,15704012.7,1119419.5,1328196.5,9022112.6,52032.2,507638.0,30765942.3,3181308.9
362,114.49,23.34,Guangdong,Central_South_China,3494791.0,7127265.4,8764909.0,632534.9,750505.6,9524569.7,1430638.5,535909.3,32479351.2,1797618.3
363,80.32,41.09,Xinjiang,Northwest_China,3488215.1,7113854.4,10606878.4,969797.9,1150669.8,9127807.1,229583.6,513585.1,31126366.8,2756095.3
364,111.05,27.31,Hunan,Central_South_China,3486164.5,7109672.5,10722234.4,756033.0,897036.7,9361076.6,775080.3,526710.2,31921829.8,2148591.0
365,122.3,39.63,Liaoning,Northeast_China,3481843.3,7100859.9,12284299.0,973029.6,1154504.2,9105533.6,355402.5,512331.8,31050412.8,2765279.5
366,112.67,23.02,Guangdong,Central_South_China,3479257.1,7095585.6,5987638.8,599589.7,711416.0,9515963.8,986213.3,535425.1,32450004.3,1703990.5
367,126.45,44.05,Jilin,Northeast_China,3469152.7,7074978.7,14742972.5,1115236.3,1323233.1,8909199.9,51381.0,501284.9,30380903.4,3169420.6
368,104.39,29.44,Sichuan,Southwest_China,3461121.8,7058600.5,10321504.0,841981.1,999014.5,9191548.6,53009.4,517171.5,31343729.1,2392849.1
369,116.49,39.95,Beijing,North_China,3457061.7,7050320.4,1066894.0,562216.8,667072.9,9492809.3,137937.9,534122.3,32371046.2,1597779.3
370,109.66,21.97,Guangxi,Central_South_China,3455114.8,7046349.8,7531226.1,607053.4,720271.8,9436921.8,254705.1,530977.7,32180466.5,1725201.9
371,117.43,34.32,Jiangsu,East_China,3451512.9,7039004.2,10349939.2,749177.4,888902.5,9267292.1,399008.0,521433.3,31602019.1,2129107.7
372,113.61,32.82,Henan,Central_South_China,3447789.8,7031411.2,12020240.2,877959.9,1041703.6,9112240.7,66219.8,512709.2,31073284.6,2495098.4
373,80.59,44.38,Xinjiang,Northwest_China,3437722.0,7010879.0,5011197.6,880705.8,1044961.6,9079689.2,608209.5,510877.7,30962281.9,2502901.9
374,108.04,41.01,Inner Mongolia,North_China,3431315.2,6997812.9,7531611.4,980467.1,1163328.9,8949264.4,278862.7,503539.2,30517525.8,2786416.5
375,116.64,30.32,Anhui,East_China,3429817.2,6994758.0,12596163.6,765393.0,908142.4,9185617.4,335699.5,516837.8,31323503.5,2175191.5
376,127.51,46.85,Heilongjiang,Northeast_China,3426206.3,6987393.9,14506705.2,996370.7,1182198.5,8916504.6,51423.2,501695.9,30405812.7,2831613.2
377,124.31,43.9,Jilin,Northeast_China,3425888.5,6986745.9,16435662.2,1264214.6,1499996.6,8615768.4,49688.8,484774.7,29380284.4,3592806.3
378,114.34,37.95,Hebei,North_China,3424773.2,6984471.2,8444417.7,748732.4,888374.6,9189497.4,90561.1,517056.1,31336734.5,2127843.3
379,118.15,31.89,Anhui,East_China,3423456.3,6981785.5,13076840.7,750112.6,890012.1,9184096.7,108583.0,516752.2,31318317.7,2131765.6
380,115.74,28.24,Jiangxi,East_China,3414307.1,6963126.8,11286164.0,754560.1,895289.1,9152330.3,715234.2,514964.9,31209992.3,2144405.0
381,118.54,32.36,Anhui,East_China,3409350.0,6953017.2,13055596.0,782013.6,927862.8,9107086.4,52522.3,512419.2,31055708.0,2222425.9
382,118.74,37.78,Shandong,East_China,3399124.5,6932163.4,11822917.2,952855.5,1130567.6,8885918.2,66609.8,499974.9,30301511.4,2707946.3
383,115.7,37.76,Hebei,North_China,3396731.7,6927283.6,12005210.5,925131.4,1097672.8,8909944.7,51385.3,501326.8,30383443.1,2629156.3
384,114.62,34.26,Henan,Central_South_China,3393798.7,6921301.9,13458380.9,887219.0,1052689.5,8943793.3,67779.9,503231.3,30498869.0,2521412.0
385,110.54,22.85,Guangxi,Central_South_China,3390581.6,6914741.0,8653049.5,593678.2,704402.0,9262942.8,548031.7,521188.6,31587187.8,1687190.5
386,122.25,37.13,Shandong,East_China,3386903.4,6907239.8,13505312.8,932857.5,1106839.8,8872519.8,715512.6,499221.1,30255821.9,2651113.4
387,113.91,36.12,Henan,Central_South_China,3371514.6,6875855.9,10006244.9,752018.6,892273.6,9029880.6,262099.5,508075.1,30792431.5,2137182.3
388,105.17,31.66,Sichuan,Southwest_China,3360099.9,6852576.8,9153916.5,741662.1,879985.6,9008051.2,51951.1,506846.9,30717992.0,2107750.0
389,114.44,29.96,Hubei,Central_South_China,3349836.3,6831645.3,11458746.0,736495.6,873855.5,8983782.9,125537.9,505481.4,30635235.7,2093067.1
390,117.03,38.53,Hebei,North_China,3349642.7,6831250.4,12060714.6,924554.2,1096987.9,8772716.3,50593.9,493605.5,29915486.3,2627515.9
391,106.56,31.73,Sichuan,Southwest_China,3346185.9,6824200.7,9725219.5,800369.4,949642.1,8901598.8,51337.2,500857.2,30354983.2,2274591.8
392,118.21,39.47,Hebei,North_China,3345127.9,6822042.9,9003482.9,775225.8,919809.1,8926644.9,167695.6,502266.5,30440391.9,2203135.5
393,113.2,26.59,Hunan,Central_South_China,3341397.7,6814435.5,10355081.8,716819.1,850509.3,8981099.4,910274.0,505330.4,30626084.9,2037148.0
394,126.89,47.33,Heilongjiang,Northeast_China,3326366.6,6783781.1,12023754.3,1048319.9,1243836.5,8566030.3,49401.9,481976.1,29210674.4,2979249.0
395,126.35,45.01,Jilin,Northeast_China,3322633.5,6776167.9,17890429.1,1305470.3,1548946.7,8267263.8,47678.9,465165.7,28191862.9,3710051.9
396,112.51,31.42,Hubei,Central_South_China,3322594.2,6776087.8,12547813.3,793473.9,941460.5,8840241.8,141515.0,497404.9,30145752.0,2254995.3
397,114.16,22.52,Hong Kong SAR,Central_South_China,3322217.8,6775320.2,149587.5,501824.6,595417.3,9165591.4,1171454.1,515711.0,31255213.7,1426149.2
398,105.25,31.09,Sichuan,Southwest_China,3318190.8,6767107.5,8868194.3,753168.0,893637.3,8872464.3,51169.2,499217.9,30255632.9,2140448.7
399,122.07,42.29,Liaoning,Northeast_China,3315118.1,6760841.1,11803606.2,993710.2,1179041.8,8594221.7,362427.7,483562.3,29306808.8,2824052.2
400,114.88,31.28,Hubei,Central_South_China,3302883.1,6735889.1,9869823.0,751208.6,891312.6,8829837.4,161349.1,496819.5,30110272.6,2134880.4
401,107.07,40.83,Inner Mongolia,North_China,3299129.1,6728233.2,6505079.4,915340.0,1086055.3,8635128.6,178934.3,485864.0,29446303.8,2601330.0
402,126.1,45.94,Heilongjiang,Northeast_China,3291367.0,6712403.2,11184087.1,974956.9,1156791.0,8545670.5,49284.5,480830.6,29141246.5,2770756.9
403,107.4,30.57,Sichuan,Southwest_China,3288510.0,6706576.7,10096675.8,730017.9,866169.7,8811473.0,50817.4,495786.2,30047648.8,2074658.0
404,124.56,44.34,Jilin,Northeast_China,3286721.0,6702928.1,16260237.1,1260697.4,1495823.4,8212229.4,47361.5,462069.2,28004192.2,3582810.6
405,116.19,29.65,Jiangxi,East_China,3269252.1,6667302.1,10692811.3,739737.9,877702.5,8744206.8,522966.8,492001.4,29818267.1,2102281.5
406,116.9,32.82,Anhui,East_China,3266376.2,6661436.9,13045867.6,836801.0,992868.3,8627140.6,70695.9,485414.6,29419064.2,2378127.7
407,108.66,22.33,Guangxi,Central_South_China,3261167.8,6650815.1,9914163.7,626851.4,743762.1,8846893.8,440926.2,497779.2,30168435.7,1781466.1
408,77.23,38.31,Xinjiang,Northwest_China,3253673.4,6635531.0,9324169.5,920239.5,1091868.5,8496552.5,693648.0,478066.9,28973750.9,2615253.8
409,125.61,45.05,Jilin,Northeast_China,3248029.0,6624019.7,17592560.7,1283023.6,1522313.5,8073950.5,46564.0,454288.8,27532653.0,3646259.9
410,105.07,29.88,Sichuan,Southwest_China,3243191.3,6614153.8,9638635.2,763238.6,905586.2,8641597.0,49837.7,486228.0,29468361.5,2169068.8
411,102.17,27.9,Sichuan,Southwest_China,3238247.4,6604071.2,6198192.0,690060.0,818759.4,8709032.5,364002.9,490022.3,29698320.5,1961100.4
412,118.94,25.31,Fujian,East_China,3237632.6,6602817.4,5090317.3,552444.1,655477.5,8861270.0,1791909.2,498588.1,30217459.4,1570006.0
413,119.32,35.69,Shandong,East_China,3229070.9,6585356.7,11940035.7,845030.5,1002632.7,8508701.0,429835.2,478750.4,29015178.1,2401515.5
414,117.19,31.07,Anhui,East_China,3226346.9,6579801.4,11989722.3,691251.3,820173.0,8672854.9,100813.5,487986.7,29574952.8,1964486.1
415,123.7,43.6,Jilin,Northeast_China,3225860.9,6578810.2,13746650.2,1087219.3,1289990.8,8228213.1,47453.7,462968.5,28058697.6,3089798.4
416,104.56,28.82,Sichuan,Southwest_China,3224783.9,6576613.8,8535621.0,703119.8,834255.0,8654993.7,49915.0,486981.7,29514045.1,1998215.6
417,112.02,37.21,Shanxi,North_China,3223887.3,6574785.2,8390200.6,762502.8,904713.1,8585899.4,73392.1,483094.1,29278429.3,2166977.6
418,116.43,33.62,Anhui,East_China,3221937.3,6570808.4,15077490.3,919867.3,1091426.9,8404047.0,101103.6,472862.0,28658301.9,2614196.1
419,103.2,30.02,Sichuan,Southwest_China,3213216.6,6553023.5,7938591.0,721351.6,855887.0,8600717.9,49602.0,483927.9,29328961.4,2050028.8
420,117.15,34.67,Shandong,East_China,3207279.1,6540914.5,10938558.5,748767.8,888416.5,8552645.3,367602.8,481223.0,29165030.7,2127943.7
421,113.88,29.69,Hubei,Central_South_China,3205467.8,6537220.5,11401809.6,736308.2,873633.2,8561288.2,86379.0,481709.3,29194503.6,2092534.6
422,121.33,41.19,Liaoning,Northeast_China,3203823.6,6533867.4,10397828.9,856564.8,1016318.1,8421867.4,106895.9,473864.7,28719070.5,2434295.0
423,111.54,25.41,Hunan,Central_South_China,3199156.9,6524350.1,9656785.8,745281.5,884280.1,8532766.1,1178797.0,480104.5,29097241.6,2118036.1
424,108.07,34.36,Shaanxi,Northwest_China,3197063.5,6520080.9,7899269.6,765767.8,908587.1,8503706.0,212737.3,478469.4,28998144.8,2176256.6
425,113.38,23.55,Guangdong,Central_South_China,3189176.8,6503996.9,7021098.5,602203.2,714516.9,8663697.0,1127855.9,487471.4,29543723.6,1711417.7
426,111.87,32.61,Henan,Central_South_China,3186635.4,6498813.9,12916860.1,851781.1,1010642.3,8376895.7,48311.1,471334.3,28565714.2,2420700.2
427,105.64,30.17,Chongqing,Southwest_China,3179806.1,6484886.2,9432237.6,731212.2,867586.7,8491856.2,48974.1,477802.7,28957736.4,2078051.9
428,106.9,30.47,Sichuan,Southwest_China,3169612.4,6464097.2,8781392.5,687352.0,815546.4,8511103.5,49085.1,478885.6,29023370.8,1953404.6
429,113.13,26.08,Hunan,Central_South_China,3165371.2,6455447.8,7700786.7,675959.5,802029.1,8511437.6,1002156.8,478904.4,29024510.2,1921027.9
430,126.57,46.62,Heilongjiang,Northeast_China,3162783.7,6450170.8,12895224.1,999398.4,1185791.0,8141826.6,46955.4,458107.9,27764114.5,2840217.9
431,125.39,43.7,Jilin,Northeast_China,3162439.5,6449468.8,11439619.0,987493.7,1171665.9,8154144.0,47026.5,458800.9,27806117.8,2806385.5
432,124.99,43.0,Jilin,Northeast_China,3156695.6,6437754.6,14360108.2,1022783.8,1213537.8,8097824.8,100644.3,455632.1,27614065.7,2906677.4
433,116.82,29.3,Jiangxi,East_China,3156461.2,6437276.6,12793331.1,700325.1,830939.0,8458076.2,578470.3,475902.0,28842544.5,1990273.1
434,117.85,40.06,Hebei,North_China,3155268.6,6434844.5,8152391.3,758119.9,899512.9,8389893.0,169934.4,472065.6,28610035.7,2154521.8
435,120.11,32.99,Jiangsu,East_China,3154131.2,6432524.9,10353781.9,625455.4,742105.8,8535058.0,49223.3,480233.4,29105057.3,1777498.9
436,107.06,31.75,Sichuan,Southwest_China,3146539.3,6417042.1,8311933.6,722913.3,857740.0,8403741.9,48466.0,472844.8,28657261.4,2054467.2
437,104.33,30.67,Sichuan,Southwest_China,3141706.8,6407186.6,4951022.8,594574.2,705465.1,8533246.1,49212.8,480131.5,29098878.5,1689736.9
438,112.33,34.9,Henan,Central_South_China,3133545.8,6390543.0,10993272.2,795737.6,944146.4,8284182.9,297037.8,466117.7,28249558.1,2261428.5
439,114.78,35.0,Henan,Central_South_China,3133161.9,6389760.1,11460214.2,817324.7,969759.6,8258895.7,256827.0,464694.9,28163327.3,2322777.5
440,130.49,46.97,Heilongjiang,Northeast_China,3132993.8,6389417.4,12380756.1,800979.5,950366.0,8276699.4,68907.9,465696.6,28224038.7,2276325.8
441,117.75,31.22,Anhui,East_China,3129853.7,6383013.5,12048725.9,714092.0,847273.5,8364761.1,143714.6,470651.5,28524334.4,2029397.7
442,116.25,36.59,Shandong,East_China,3126111.8,6375382.2,12518575.3,832910.2,988251.9,8220808.2,319448.9,462551.9,28033446.5,2367070.3
443,124.82,44.76,Jilin,Northeast_China,3120454.1,6363843.9,15830656.8,1183589.2,1404334.1,7811717.1,45051.6,439534.0,26638421.6,3363674.6
444,115.65,38.61,Hebei,North_China,3108061.9,6338571.2,10004957.7,794423.4,942587.1,8211038.2,47354.6,462002.1,28000130.2,2257693.7
445,119.05,34.89,Jiangsu,East_China,3100270.2,6322681.0,8896810.5,650865.1,772254.5,8348913.8,231596.3,469759.9,28470294.2,1849711.3
446,125.52,45.91,Heilongjiang,Northeast_China,3100019.9,6322170.5,11009349.6,996296.6,1182110.6,7961529.1,45915.6,447963.3,27149289.3,2831402.6
447,113.0,36.03,Shanxi,North_China,3092079.7,6305977.2,8885987.3,764933.2,907596.8,8197252.3,79304.6,461226.5,27953119.7,2173884.6
448,103.76,25.47,Yunnan,Southwest_China,3091910.7,6305632.7,4360739.1,649960.9,771181.7,8325449.7,723478.4,468439.6,28390280.3,1847141.7
449,125.84,46.87,Heilongjiang,Northeast_China,3091223.2,6304230.5,11374560.2,1033355.7,1226081.4,7894291.3,45527.9,444180.1,26920004.4,2936721.9
450,123.37,39.98,Liaoning,Northeast_China,3086589.5,6294780.6,11605054.1,772017.2,916002.1,8173248.1,353666.1,459875.9,27871263.8,2194016.9
451,113.82,32.4,Henan,Central_South_China,3077973.4,6277208.9,12130520.6,799153.8,948199.7,8117645.7,46816.0,456747.3,27681656.2,2271137.0
452,113.05,39.6,Shanxi,North_China,3077813.3,6276882.4,7437476.8,865243.0,1026615.0,8043201.2,418488.2,452558.6,27427796.1,2458958.0
453,117.84,36.7,Shandong,East_China,3066887.0,6254599.4,8088755.3,707533.0,839491.3,8187739.2,268102.8,460691.2,27920679.3,2010757.6
454,116.16,30.25,Anhui,East_China,3058201.0,6236885.1,10517527.4,655672.2,777958.2,8220356.2,343619.6,462526.4,28031905.3,1863372.9
455,110.8,34.53,Henan,Central_South_China,3054776.8,6229901.9,12612096.7,868712.3,1030731.2,7971868.4,262346.6,448545.0,27184546.9,2468817.2
456,111.45,30.03,Hubei,Central_South_China,3050738.1,6221665.4,8225288.3,673402.5,798995.3,8178659.3,47167.9,460180.3,27889716.2,1913761.1
457,113.0,32.02,Hubei,Central_South_China,3047544.9,6215153.1,10942076.2,702560.9,833591.8,8136671.7,46925.7,457817.8,27746536.0,1996627.2
458,122.46,40.59,Liaoning,Northeast_China,3043877.5,6207673.8,8830235.6,671820.3,797118.0,8160342.6,111729.6,459149.7,27827255.4,1909264.7
459,122.05,45.96,Inner Mongolia,North_China,3041255.1,6202325.8,10062561.4,958480.6,1137241.7,7831797.1,160042.4,440663.8,26706895.5,2723932.3
460,120.76,37.07,Shandong,East_China,3037241.8,6194141.0,10909334.4,775634.0,920293.3,8024711.9,365127.1,451518.3,27364746.5,2204295.4
461,125.68,42.59,Jilin,Northeast_China,3024820.2,6168808.5,13864540.5,965011.3,1144990.4,7776366.5,253182.5,437544.9,26517873.7,2742492.0
462,116.38,28.1,Jiangxi,East_China,3024086.1,6167311.4,10679562.1,654000.3,775974.4,8122341.0,762877.4,457011.5,27697667.6,1858621.3
463,115.44,30.89,Hubei,Central_South_China,3016813.1,6152478.9,10145584.0,715836.5,849343.4,8031830.9,235339.8,451918.9,27389022.6,2034355.4
464,111.07,21.94,Guangdong,Central_South_China,3015256.1,6149303.4,6365829.5,555130.4,658664.8,8207155.1,373961.7,461783.7,27986888.6,1577640.3
465,116.45,28.65,Jiangxi,East_China,3009692.1,6137956.2,11260603.4,665378.4,789474.6,8067460.0,678808.0,453923.6,27510520.1,1890957.1
466,119.32,41.7,Liaoning,Northeast_China,3002437.8,6123161.9,11866543.3,896821.0,1064082.4,7787159.2,495493.4,438152.2,26554677.7,2548700.3
467,115.42,26.07,Jiangxi,East_China,2998743.6,6115627.8,8279810.1,595854.9,706984.7,8113223.0,1061607.4,456498.5,27666574.5,1693376.5
468,117.03,36.17,Shandong,East_China,2997701.2,6113502.0,9505027.3,784300.4,930576.1,7899238.3,404670.6,444458.4,26936874.1,2228924.7
469,106.01,28.97,Chongqing,Southwest_China,2994113.4,6106185.2,8734748.6,686011.5,813955.9,7998751.2,46130.3,450057.6,27276218.8,1949595.0
470,110.59,40.42,Inner Mongolia,North_China,2993965.5,6105883.4,5873537.8,821951.8,975249.7,7846155.9,156504.4,441471.7,26755859.7,2335927.5
471,110.3,23.47,Guangxi,Central_South_China,2989427.9,6096629.6,7159326.8,606330.6,719414.1,8074221.5,615916.2,454304.0,27533577.2,1723147.6
472,106.06,31.87,Sichuan,Southwest_China,2967030.3,6050952.0,9008745.5,688321.1,816696.3,7916867.9,45658.1,445450.4,26996992.1,1956158.7
473,122.87,42.64,Liaoning,Northeast_China,2966670.0,6050217.2,9397954.9,867150.8,1028878.6,7715643.5,166914.9,434128.3,26310804.7,2464379.8
474,112.98,34.49,Henan,Central_South_China,2963179.9,6043099.5,10070876.8,719473.5,853658.7,7870724.3,150007.4,442854.1,26839639.7,2044691.6
475,103.77,24.51,Yunnan,Southwest_China,2959652.2,6035905.0,5032862.8,653935.2,775897.2,7933754.2,930829.5,446400.5,27054575.2,1858436.4
476,117.14,28.4,Jiangxi,East_China,2958349.1,6033247.6,8987267.9,621880.4,737864.1,7965818.9,770425.0,448204.6,27163917.7,1767339.0
477,113.62,28.17,Hunan,Central_South_China,2957060.2,6030619.0,6765479.8,595611.0,706695.2,7991449.2,407780.8,449646.8,27251318.6,1692683.2
478,115.33,31.85,Henan,Central_South_China,2956620.7,6029722.7,11749491.4,700928.4,831654.8,7872277.5,45400.9,442941.4,26844936.0,1991987.6
479,111.09,35.52,Shanxi,North_China,2954993.8,6026404.7,9604893.0,721707.6,856309.5,7844255.0,140306.3,441364.7,26749377.7,2051040.7
480,111.29,26.73,Hunan,Central_South_China,2944101.1,6004190.1,9060589.4,673444.5,799045.0,7866384.0,771991.9,442609.8,26824838.8,1913880.3
481,106.77,29.13,Chongqing,Southwest_China,2943817.7,6003612.2,9206153.0,681813.7,808975.2,7856186.4,45308.1,442036.1,26790064.4,1937665.1
482,115.71,30.46,Hubei,Central_South_China,2943050.3,6002047.2,9064871.2,612570.8,726818.1,7931445.2,331002.4,446270.6,27046701.5,1740881.7
483,120.74,32.83,Jiangsu,East_China,2940492.8,5996831.4,12658874.3,743652.3,882347.0,7777233.4,44852.8,437593.7,26520829.9,2113406.0
484,108.94,23.21,Guangxi,Central_South_China,2926008.1,5967291.4,8230606.2,607288.7,720550.9,7887458.8,555979.4,443795.6,26896705.2,1725870.4
485,121.28,30.09,Zhejiang,East_China,2918657.7,5952301.0,5057365.2,527576.1,625971.6,7955161.8,612267.4,447605.0,27127576.6,1499333.1
486,118.37,35.03,Shandong,East_China,2917186.0,5949299.6,7388129.9,673951.5,799646.7,7787010.4,327568.6,438143.8,26554170.0,1915321.4
487,114.42,37.45,Hebei,North_China,2916894.5,5948705.1,10297795.3,747115.7,886456.3,7704262.0,85962.4,433487.9,26271993.0,2123248.6
488,112.76,33.43,Henan,Central_South_China,2912050.7,5938826.6,12286373.5,811592.6,962958.4,7617908.6,102835.4,428629.1,25977523.0,2306487.2
489,105.64,31.47,Sichuan,Southwest_China,2910568.4,5935803.7,8519569.6,709764.9,842139.5,7727547.2,44566.2,434798.1,26351397.2,2017100.5
490,106.27,38.53,Ningxia,Northwest_China,2910041.1,5934728.4,4608322.2,641897.3,761614.2,7801969.8,85771.1,438985.5,26605182.5,1824225.5
491,109.22,21.66,Guangxi,Central_South_China,2901185.5,5916668.3,7693833.1,568132.4,674091.8,7858608.2,178723.6,442172.3,26798322.8,1614591.1
492,82.21,43.42,Xinjiang,Northwest_China,2889973.2,5893802.0,6615783.4,797767.1,946554.4,7568742.3,306480.4,425862.7,25809862.8,2267196.1
493,116.11,38.98,Hebei,North_China,2888676.6,5891157.7,9687122.2,770273.4,913933.1,7595720.2,43805.9,427380.7,25901859.3,2189061.2
494,120.6,27.92,Zhejiang,East_China,2887310.3,5888371.2,6255891.0,511768.8,607216.2,7881071.7,1118910.5,443436.3,26874924.8,1454410.0
495,111.57,33.22,Henan,Central_South_China,2885349.9,5884373.3,11262834.7,780676.0,926275.7,7574336.0,138809.7,426177.5,25828937.8,2218624.5
496,112.77,25.26,Hunan,Central_South_China,2885018.7,5883697.8,7850209.5,620073.4,735720.0,7753133.5,1103466.9,436237.7,26438648.0,1762203.6
497,117.59,39.26,Tianjin,North_China,2880176.5,5873822.5,6808055.3,701794.6,832682.6,7647482.6,48195.7,430293.1,26078372.2,1994449.2
498,118.16,32.89,Anhui,East_China,2877986.5,5869356.4,12413400.7,750369.2,890316.6,7586699.5,43753.9,426873.1,25871098.2,2132495.0
499,117.1,35.44,Shandong,East_China,2877457.7,5868278.0,9193047.5,726560.1,862067.0,7611801.6,448968.7,428285.5,25956697.6,2064831.1
500,122.88,39.85,Liaoning,Northeast_China,2875532.9,5864352.4,9431522.6,732561.9,869188.1,7599447.7,289418.4,427590.4,25914570.1,2081887.7
