plant_id,lon,lat,province,region,rice_straw_t_yr,maize_straw_t_yr,wheat_straw_t_yr,othergrain_straw_t_yr,cotton_straw_t_yr,canola_straw_t_yr,peanuts_straw_t_yr,soybeans_straw_t_yr,potapoes_straw_t_yr,beef_cattle_manure_t_yr,dairy_cattle_manure_t_yr,sheep_goat_manure_t_yr,pig_manure_t_yr,poultry_manure_t_yr,food_waste_t_yr
1,114.03,33.55,Henan,Central_South_China,734.4,222814.7,278298.4,1067.2,1640.1,4766.8,36229.8,5357.2,9374.9,20613.9,2697.1,42511.7,238151.9,164828.8,46173
2,116.34,34.03,Henan,Central_South_China,0,261190.2,329519.6,1245.4,2125.3,6350.1,41867.5,7105.9,10865.4,21837.1,4.8,111188.8,61554,185834.1,40751.2
3,114.75,33.83,Henan,Central_South_China,0,222414.1,277797.9,1065.3,1637.1,4758.2,36164.7,5347.6,9358,21817.8,2743.2,106540.2,128523.2,168963.1,44846.2
4,115.03,33.29,Henan,Central_South_China,0,229651.8,293634,1088.4,2109.3,6487.6,36097.6,7227.9,9406.2,21282.1,6794.1,175747.1,101020.1,131350.6,46022.5
5,120.49,32.68,Jiangsu,East_China,241866.3,53983.3,139776.6,2486.3,1124.8,7981.8,4081.2,8804.6,2723.5,2123.6,2397.9,116282,79816.6,172033.5,50628.7
6,115.67,36.05,Shandong,East_China,0,228877.3,182506.2,617.6,5524.9,1139.6,21744.1,3355.2,7788,14275,2497.2,56817.5,51821.2,285607.8,49152.6
7,115.42,36.52,Shandong,East_China,0,238003.1,150249.8,2023.1,8017.6,332.3,14691.8,2725.8,10812.2,16261,8805.1,120418.8,76961.7,245627.1,35625.5
8,114.37,35.59,Henan,Central_South_China,0,209368,261503.2,1002.8,1541.1,4479.1,34043.4,5033.9,8809.1,19874.5,1776.5,57576.9,116810.2,156642.4,64470.9
9,115.43,34.16,Henan,Central_South_China,0,245500.5,307179.4,1175,1840.7,5378.6,39818.6,6039.8,10308.8,20036.5,255.1,131991.1,83307.9,119546.5,32587.7
10,113.55,33.55,Henan,Central_South_China,0,221354.4,276474.3,1060.2,1629.3,4735.6,35992.4,5322.2,9313.5,19645.7,2520.1,101995.2,151190,103086.8,33023.3
11,114.72,38.27,Hebei,North_China,0,172297.1,93136.5,3319,7375.1,392,5829.3,1720.3,11759.9,30234.1,64631.8,34728.3,137383.2,204487.2,70621.4
12,114.95,34.78,Henan,Central_South_China,127.1,219093,266139.5,1013,1890.9,4413.6,34502.6,5111.6,9080.8,21699.7,3160.3,118755.4,56313.2,169290.6,38279
13,113.6,34.04,Henan,Central_South_China,677.9,199257.8,248875.8,954.4,1466.7,4262.8,32399.5,4790.8,8383.7,20961.1,9369,80483,135745.8,114016.8,54771.9
14,114.95,35.94,Henan,Central_South_China,643.6,197291.2,229373.9,1293.2,2305,3760.8,28981.5,4405.3,8930.8,19246,2067.8,95182.4,67031.9,168662.6,52837.3
15,115.69,35.03,Shandong,East_China,0,266862.2,182965.5,548.9,7533,232.1,20930.2,3290.9,8476.6,41052.9,7956,201797.5,75842,98591.8,39154
16,115.24,33.73,Henan,Central_South_China,0,256154.9,319940,1226.9,1885.5,5480.1,41651.2,6159.2,10777.9,20739.7,4933.7,94096,80024.4,95920.1,19546.8
17,116.37,37.05,Shandong,East_China,1059,250625.3,171833.2,515.5,7074.7,218,19656.8,3090.7,7960.8,109749.7,5928,45944.9,109396.9,134584,25329.7
18,116.95,34.29,Anhui,East_China,58895.6,108996.4,212497,1677.2,3468.2,14590.8,8419.2,15964.4,3445.5,4778.4,3864.5,91521.7,81180.1,143380.1,56159.5
19,114.95,34.28,Henan,Central_South_China,45360.5,190683,238165.5,913.3,1403.6,4079.4,31005.2,4584.7,8022.9,19373,1785.6,89018.1,92634.8,108819.1,41253.7
20,115.93,34.31,Henan,Central_South_China,0,248557.1,310451,1190.5,1829.6,5317.5,40415.6,5976.2,10458,19312.5,0,101283.8,62408.2,93726.9,37549.1
21,112.6,26.89,Hunan,Central_South_China,166887,29983.7,918.7,441,4220.8,27820.4,2870.9,4249.9,13224.5,19635.2,0,6134.6,119341.7,91153.4,194693
22,115.79,35.51,Shandong,East_China,0,255708.5,175318.1,525.9,7218.2,222.4,20055.5,3153.4,8122.3,17517.7,2922.6,186273.8,81832.4,111590.4,29344.8
23,112.77,33.01,Henan,Central_South_China,339.6,232501.2,290397.3,1113.6,1711.4,4974,37804.9,5590.1,9782.4,18887.6,14385.9,63134.6,104336.1,76928.2,42973.2
24,106.43,29.6,Chongqing,Southwest_China,46346.7,17973.6,668.8,353.7,0,4938.5,991.2,2506.7,16829.6,5949.2,1270.9,10846.1,24041.3,18700.1,441696.1
25,115.26,37.99,Hebei,North_China,0,203261.8,109874.5,3915.5,8700.6,462.5,6876.9,2029.5,13873.4,26225.8,18917.7,57055.9,137873,153492.5,54689.3
26,114.95,36.72,Hebei,North_China,0,229634.3,124130.3,4423.6,9829.5,522.5,7769.2,2292.8,15673.4,26302.1,8933.5,150435.1,64257.8,152470.5,47840.7
27,118.8,36.8,Shandong,East_China,0,189449.4,129890.2,389.7,5347.8,164.8,14858.7,2336.3,6017.7,11198.9,6423.1,31236.1,78901.6,127464.1,160433.5
28,114.6,32.9,Henan,Central_South_China,2283.5,269306.6,336367.4,1289.9,1982.3,5761.4,43789.4,6475.1,11331,20131.4,1989.6,63551.1,104343,62491,16237.8
29,116.17,34.84,Shandong,East_China,0,291241.7,202040.8,653.6,8212,435.6,22838.8,3778.5,9274.2,17209.2,2656.9,212345.9,63245.3,68890.6,35712.7
30,114.43,35.1,Henan,Central_South_China,18083.8,212926.1,265947.4,1019.9,1567.3,4555.3,34622,5119.5,8958.8,27557.9,2414.5,47244.8,85666.4,108102.2,42371.4
31,112.32,32.68,Henan,Central_South_China,149.7,225603.3,281781.5,1080.6,1660.6,4826.5,36683.2,5424.3,9492.2,19702.5,13723,79057.1,109348.1,72001,31581.7
32,114.51,33.43,Henan,Central_South_China,0,225451.4,281591.2,1079.9,1659.5,4823.2,36658.7,5420.8,9485.9,17947,1957.2,68498.4,108295.4,85176.8,27946.1
33,110.83,21.67,Guangdong,Central_South_China,137739.8,6116.7,11.1,101.8,0,340,13013.8,1095.4,20491.8,8693.1,1228.4,4182,221144.6,136628.9,75370.3
34,114.5,34.59,Henan,Central_South_China,178055.1,40058.4,50033.5,191.9,294.9,857,6513.6,963.2,1685.5,19169.7,10791.2,91740,149468,112896.1,41687.5
35,116.07,28.46,Jiangxi,East_China,246288.5,1451.6,185.8,59.8,2523,6267.1,3048.4,2353.6,4547.5,17075,2253.5,1401.5,104372,159227.9,90641.5
36,117.33,33.47,Anhui,East_China,161.8,209561.6,358772.8,837.9,7523,26963.9,16315,29399.5,5158.4,7777.9,10636.6,66786.2,68830.5,63373.6,26046.3
37,115.25,35.18,Shandong,East_China,0,258740,179165.9,540.8,7238.2,289.5,20557.8,3227.8,8251.2,32855.9,1279.1,164644.5,85496.1,77215.8,36501.5
38,113.65,35.28,Henan,Central_South_China,22329.5,181242.2,226373.7,868.1,1334.1,3877.4,29470.1,4357.7,7625.7,19188.5,4791.2,33641.4,91078.8,101847.8,72949.3
39,116.65,34.68,Jiangsu,East_China,79087,97049.9,234060.7,3702.3,2286.7,13842.4,7378.8,15255.6,4435.1,2868.4,15.2,102263.1,76312.4,98316.6,45118.2
40,111.91,32.98,Henan,Central_South_China,0,223442.6,279082.6,1070.2,1644.7,4780.2,36331.9,5372.3,9401.3,29807.7,2168.1,85935.1,104325.9,53009.8,30933.9
41,115.12,32.78,Henan,Central_South_China,3621.3,220044.9,315083.5,985.2,4100.2,14032,28413.1,15394.9,7740.7,23757,2026.1,64354.2,97672.5,45651.3,33782.1
42,117.82,33.59,Anhui,East_China,17331.3,192646.2,337162.9,1122.6,6789.6,24948.3,14979.2,27217.5,4958.5,18403.5,849.6,53008.7,68516.9,63511.2,35314.8
43,119.9,33.93,Jiangsu,East_China,212155.4,70385.2,182245.6,3241.7,1466.6,10407,5321.2,11479.7,3550.9,2337.6,94.4,28603.6,86471,105853.2,25543.9
44,116.81,37.26,Shandong,East_China,412,247184.8,169474.7,508.4,6977.6,215,19387,3048.4,7851.6,118513.8,24605.5,89491,90303.4,56455.3,23333.7
45,114.18,34.18,Henan,Central_South_China,75326.8,151660.4,189426.2,726.4,1116.3,3244.6,24660.1,3646.4,6381.1,18193.7,1520.1,56264,137729,68776,37602.8
46,115.96,32.91,Anhui,East_China,4045.7,166046.2,284273.7,663.9,5960.9,21364.9,12927.2,23294.7,4087.2,19881.4,1607.2,64605.8,92126.3,55355,55281.6
47,117.2,37.6,Shandong,East_China,2185.6,233028.3,159582,501.4,6596.7,204.5,18219.3,2870.7,7448.8,90940.7,19484.2,120821,75654.4,76179.5,24282.4
48,115.53,33.25,Anhui,East_China,0,186514.1,314325.4,754.3,6388.1,22842.4,15433.9,24913.4,4779.2,22638.7,258.2,76465.7,80194.6,33145.3,52354
49,115.35,35.67,Henan,Central_South_China,2258.3,183410.9,194018.4,708.4,2648.8,2646.5,24584.5,3681.2,7075.5,22670.1,2040.8,107861.7,46028.1,146167.5,26764.2
50,120.5,36.83,Shandong,East_China,0,239752.1,164378.3,493.1,6767.7,208.6,18804,2956.6,7615.5,13048.3,65748.2,15313.7,70175.7,151193.6,25897.5
51,113.94,33.1,Henan,Central_South_China,0,209869.6,262129.4,1005.2,1544.8,4489.9,34125.2,5046.3,8830.5,19240,1861.7,40206.1,112339.1,67141.4,33360
52,116.28,35.61,Shandong,East_China,0,280213.3,192119.2,576.3,7909.9,243.8,21977.4,3455.6,8900.7,18329.5,9997.6,127016.7,69917.2,72273.2,28303.5
53,120.44,33.14,Jiangsu,East_China,182061.8,82677.8,214073.5,3807.8,1722.7,12224.5,6250.7,13484.8,4171.2,963.2,18628.1,22537.9,68069.9,84160.6,24643
54,118.7,35.59,Shandong,East_China,2882.3,214944,147369.6,442.1,6067.5,187,16858.2,2650.7,6827.5,26135.6,9611.4,61208.8,83526.2,135243.4,34397.2
55,116.57,36.64,Shandong,East_China,538,256327.2,175742,527.2,7235.6,223,20104.4,3161.5,8142.4,82846.5,16503.6,67387.3,87442.3,69949.6,22428.3
56,120.25,32.25,Jiangsu,East_China,350954.4,391.9,1014.6,18,8.2,57.9,29.6,63.9,19.8,1040.6,5205.5,34726,134316.5,53438.3,62397
57,113.64,31.04,Hubei,Central_South_China,217743.9,48943,37240.5,348.4,6436,27628.2,7433.9,4661.1,12765.9,12168.4,15.2,10899.6,78383.8,161487.6,28715.8
58,115.42,34.63,Henan,Central_South_China,0,219704,229828.9,836.1,3268.5,3076.1,29063.5,4355.9,8428.3,28283.7,10217.4,117892.9,52915.3,67231.1,31866.1
59,115.26,32.32,Henan,Central_South_China,121991.8,84457,105672.8,404.2,633.1,1849.8,13699,2077.4,3546.7,26555.9,33.5,24291.8,55631.5,195521.7,14348.8
60,120.87,32.35,Jiangsu,East_China,395800.7,5016.1,12988,231,104.5,741.7,379.2,818.1,253.1,642.9,255.9,60394.2,72657.7,59843.2,53455.1
61,114.38,36.06,Henan,Central_South_China,0,155969.3,171962.6,1213.8,2291,2720.3,21208.6,3296.9,7406.7,25384,2492.4,41827.5,55143.7,136219.3,64135.7
62,119.31,36.14,Shandong,East_China,0,268806,184298.2,552.9,7587.9,233.8,21082.7,3314.9,8538.3,9341.4,1382.9,35611.7,113879.3,86309.4,36063.6
63,114.2,32.67,Henan,Central_South_China,6185.2,212297.6,265161.9,1016.9,1562.7,4541.8,34520,5104.7,8932.7,18469.3,3299.8,50911.7,104549.5,51148.7,21566.1
64,103.9,30.56,Sichuan,Southwest_China,65070.3,5739.9,1296.9,146.9,9.6,2266.4,368.8,561.4,2413.6,0,6340.7,17211.2,51136,57076.9,294546.8
65,116.28,33.37,Anhui,East_China,0,209872.7,359305,839.1,7534.2,27004,16339.2,29443.1,5166,6531.3,424.4,54346.2,60194.3,16191.1,40021.1
66,118.18,34.59,Shandong,East_China,14034.9,238069.3,219160.1,1782.5,6503,4526.1,18588.8,7365.9,8111.1,6111,399.9,39513.3,82905.2,81453.5,43569.6
67,117.39,33.93,Anhui,East_China,13189,185001.6,337671,1743.9,6281.7,24262,14349.4,26498.8,5170.9,10278.9,2419.2,43670.1,64223.6,31650.4,34431
68,120.04,33.45,Jiangsu,East_China,282010.1,34804.7,90118.1,1603,725.2,5146.1,2631.3,5676.6,1755.9,627.4,946.2,20516.7,65076.5,99884.9,40328.3
69,116.76,35.76,Shandong,East_China,0,256561,175902.7,527.7,7242.2,223.2,20122.3,3163.9,8149.4,14277.3,28849.7,56086,96228.7,76121.3,26366.7
70,119.75,36.46,Shandong,East_China,0,285902.6,196020.1,588,8070.5,248.7,22423.6,3525.8,9081.4,8633.3,1425.3,10955.7,98214,97716.2,28161.3
71,114.86,35.49,Henan,Central_South_China,4976.7,226255.6,280870.7,1075.4,1729.3,4777.6,36531.9,5404.5,9488.4,18483.8,1736.7,65664.8,45551.4,47901.8,41500.2
72,117.48,36.96,Shandong,East_China,1581.4,218508.7,149813.6,449.4,6168.1,190.1,17137.8,2694.6,6940.7,57181.7,45681.8,43406.3,56329.2,102920.4,28883.3
73,114.74,37.76,Hebei,North_China,0,196800.3,106381.9,3791.1,8424,447.8,6658.3,1965,13432.4,27719.7,35126.5,29939.3,49354.3,146883.5,54949.6
74,113.13,35.06,Henan,Central_South_China,0,149388.8,186588.8,715.5,1099.6,3196,24290.7,3591.8,6285.5,22568.3,13999.5,42068,59190.3,103573.3,63647
75,118.63,39.5,Hebei,North_China,31641.9,158889.1,85888.5,3060.8,6801.2,361.5,5375.7,1586.4,10844.8,20814.2,125356.8,24109.6,113294.2,51100,54285.6
76,118.77,35.1,Shandong,East_China,19884.2,243061,167003.9,508.2,6859.8,239,19063,3025.7,7724.1,19432.6,3816.6,21605.9,150200.7,44677.6,37043.3
77,113.05,34.01,Henan,Central_South_China,0,170435.3,212875.9,816.4,1254.5,3646.2,27712.9,4097.8,7171,22130.2,18684.8,80985.7,74732.4,66817.3,33760
78,118.36,33.83,Jiangsu,East_China,187788.1,35794.4,91514.3,1592.6,765.8,5266.9,2709.1,5807.7,1771.5,4442,9434.7,19427.8,66690.6,124182.1,48151.6
79,116.79,33.32,Anhui,East_China,5840.1,218717.9,374448.6,874.5,7851.7,28142.1,17027.8,30684,5383.8,5240.2,1321.8,34028.1,41554.7,17083.5,26285
80,113.17,32.77,Henan,Central_South_China,0,215108.5,268672.5,1030.3,1583.4,4601.9,34977.1,5172.4,9051,19184.2,8233.2,62101.6,77456.9,42881.3,16611.2
81,117.69,37.71,Shandong,East_China,745.5,191419.8,131241.2,393.7,5403.4,166.5,15013.2,2360.6,6080.3,117914.9,14082.2,68726.4,26709.1,104856.7,22540.4
82,116.11,36.25,Shandong,East_China,910,224103.7,156359.5,474.1,6225.6,293.7,17981.6,2820.1,7168.1,13851.6,7039.5,44838.4,45102.8,127339.1,39113
83,115.27,30.43,Hubei,Central_South_China,219017.1,26082.9,19846.3,185.7,3429.9,14723.7,3961.7,2484,6803.2,40009,937.9,20913.5,64705.9,135380.4,24615.2
84,117.87,34.11,Jiangsu,East_China,134876.4,66677.7,172499.7,3063.9,1391.8,9855.5,5041.3,10871.2,3359.6,2402.9,2.6,37434.6,56112.1,86300.3,40542.2
85,112.76,32.51,Henan,Central_South_China,8643.9,194666.5,233784.3,977.1,3812.3,14574.5,31447.9,6045.4,12383.9,15561.5,3910.4,65150.6,70438.5,49537.9,19256.4
86,119.12,33.86,Jiangsu,East_China,63128.4,93312.8,241611.1,4297.6,1944.3,13797,7054.6,15219.2,4707.6,5375.1,2372.8,7661.7,61272.6,87049.6,32672.9
87,104.26,31.16,Sichuan,Southwest_China,136863.4,13237.8,2991,338.9,22.1,5227,850.5,1294.8,5566.3,19089.6,4298.8,4621.2,101735.6,128628.7,79997.6
88,111.86,32.29,Hubei,Central_South_China,184347.7,30323.4,26065.2,201.6,3226.5,13788,4671.5,2451.4,6568.2,10545.1,575.6,31764.2,89709.8,132585.4,22961
89,121.56,31.1,Shanghai,East_China,68442.3,2407.3,7433.9,783.7,0,541.3,237.7,303.4,232.9,0,23726.1,6428.9,63099.7,10600.9,278183
90,112.18,31.8,Hubei,Central_South_China,168934.8,40518.6,30830.4,288.5,5328.2,22872.6,6154.3,3858.8,10568.5,11403.3,516.8,20029,88275.1,119323.8,37787.7
91,116.51,32.92,Anhui,East_China,34367.3,173553.6,297126,693.9,6230.4,22330.9,13511.7,24348,4272.1,15534.9,597.8,35257.4,52627,23310.9,30106.3
92,115.97,33.73,Anhui,East_China,0,195603.8,313767.7,818.2,5720.9,20277.3,19092.3,22141.8,5611,9524,179.4,50897.6,35448.6,36527.4,27857.5
93,121.52,31.84,Jiangsu,East_China,47633.5,78688.6,205854.8,4806.2,1551.5,11960.4,6046.8,12677.3,4165.6,337.9,10264.2,90013.7,48101.9,40904.7,66774.4
94,114.74,36.35,Hebei,North_China,0,188223.8,104754.2,3564.3,7906.2,509.5,6916.4,1940.3,12736.8,19797.8,10999.1,141351.5,57270.7,73740.5,36906.9
95,115.57,32.7,Anhui,East_China,4251.8,155775.4,264958.9,625.8,5485.6,19642.7,12444.9,21420.7,3900.5,20075.9,481.2,45791.4,68649.3,25519.5,39451
96,123.3,41.79,Liaoning,Northeast_China,43706.1,77459.4,26.6,1036.2,0,4.4,2496.9,894.5,3457.5,37675.9,19890.7,18400.6,41093.3,77615.6,182172.8
97,112.46,28.54,Hunan,Central_South_China,259601.2,6711.5,205.6,98.7,944.8,6227.2,642.6,951.3,2960.1,23457.7,1298.2,12092.7,101834.3,82623.6,38995.9
98,112.49,29.3,Hunan,Central_South_China,332457.7,2995.1,91.8,44.1,421.6,2779,286.8,424.5,1321,27122.2,2559.3,15716,83993.6,68184.4,24411
99,117.26,35.75,Shandong,East_China,0,195115.9,133775.2,401.3,5507.8,169.7,15303.1,2406.2,6197.6,16273.6,10615.1,109854.4,76690.9,58222.7,34064.2
100,113.69,30.58,Hubei,Central_South_China,184367,51322,39050.5,365.4,6748.8,28971,7795.3,4887.7,13386.4,1599.5,125.5,1396.8,62960.2,127564.2,31693.1
101,115.71,39.11,Hebei,North_China,0,165391.8,89403.7,3186,7079.6,376.3,5595.7,1651.4,11288.6,8828.4,17468.9,48731.2,136567.6,53952.1,56749.3
102,113.81,34.48,Henan,Central_South_China,22817.1,121702.4,152008,582.9,895.8,2603.7,19788.9,2926.2,5120.6,25838,7705.7,43880.8,80954.5,44627.4,75256.9
103,118.61,34.25,Jiangsu,East_China,125294.1,72025.9,186494,3317.2,1500.7,10649.5,5445.3,11747.3,3633.7,2732.2,1308.2,10801.3,77647.1,54685.1,36513.5
104,118.33,36.91,Shandong,East_China,498.3,180215.5,123558.8,370.7,5087.1,156.8,14134.5,2222.5,5724.4,22667.3,20671.6,28724.9,47630.2,99206.7,63945.6
105,112.7,34.82,Henan,Central_South_China,6110.2,146833.5,183397,703.3,1080.8,3141.3,23875.2,3530.4,6178,11710.5,28667.2,30021.3,72952.5,55995.6,51491.1
106,126.53,45.7,Heilongjiang,Northeast_China,7180.5,119777.5,581.9,783.8,0,3.3,116.6,22904.4,4323.6,17350.6,15797.9,5513.4,16248,19264.2,277871.4
107,112.64,34.26,Henan,Central_South_China,0,154723.7,193252,741.1,1138.9,3310.1,25158.2,3720.1,6510,10520.9,4346.2,56389.5,69487,68702.6,34031.6
108,115.9,36.94,Shandong,East_China,0,234805,153689.1,1348.6,7361.4,275,16172.4,2777.6,9294.1,41298.1,17644.1,24329,63679.9,65976.4,35581
109,86,44.4,Xinjiang,Northwest_China,36586.8,48123.3,29161.8,171.4,108089.4,1172.7,104.4,689.2,1417.9,1460.4,246303,76616,57375.3,21914.7,8018.9
110,114.64,32.42,Henan,Central_South_China,42073.8,206367.6,257755.5,988.5,1519,4414.9,33555.6,4961.9,8683,27420.9,330.4,11977.8,69120.8,23967.6,15250.1
111,118.88,36.33,Shandong,East_China,0,198174.1,135871.2,407.6,5594.1,172.4,15543.3,2444.2,6295.1,10302.9,13784.7,48054.2,62259.6,105372.4,25484.7
112,119.56,33.62,Jiangsu,East_China,215290,42552.8,110180.1,1959.8,886.6,6291.7,3217.1,6940.3,2146.8,3257.5,27,15823.1,88110.5,59135.6,18241.4
113,117.69,34.6,Shandong,East_China,43800.1,214366.1,196702.8,1590.3,5858.1,4026.3,16739,6582.1,7297.3,13390.3,10891.5,46513.4,45834.5,41557.4,33185.2
114,112.05,34.56,Henan,Central_South_China,2225.9,139328.7,174023.2,667.4,1025.6,2980.7,22654.9,3349.9,5862.2,127973.3,1129.6,64134.8,36506,41284.7,25992.1
115,113.32,29.28,Hunan,Central_South_China,127072.5,13517,414.2,198.8,1902.8,12541.7,1294.2,1915.9,5961.8,31466.1,1693.2,16048.2,97339.3,53875,119695.8
116,115.73,38.17,Hebei,North_China,0,204463.9,110524.4,3938.7,8752,465.2,6917.6,2041.5,13955.4,31960.8,16793.9,44380,69116.3,68385,49343.1
117,116.79,33.81,Anhui,East_China,7415.6,160459.3,271150.7,647.6,5541,19821.6,13143.5,21617.6,4083.9,3350.5,4217.8,30315.6,44185.3,32267.7,43046.8
118,117.16,35.08,Shandong,East_China,0,180382.3,123673.6,371,5091.9,156.9,14147.5,2224.5,5729.7,19875.9,2705.9,99035,54484.3,61120.7,52091.9
119,114.02,35.25,Henan,Central_South_China,12512,145925.5,182259.4,698.9,1074.1,3121.8,23729,3510.4,6141.3,14693.8,3729.8,29022.6,53837.4,67389.1,56095.6
120,117.89,39.71,Hebei,North_China,1499.3,187621.4,97960.6,3354.2,8759.9,377.1,5667.8,1798.1,11596.6,16265.8,25922.1,31832.3,121666.6,43186.4,50576
121,119.47,34.24,Jiangsu,East_China,49289.2,100959.9,261411.3,4649.8,2103.6,14927.6,7632.7,16466.4,5093.4,3394.5,6688.4,10230.6,87281,19243.4,29484.1
122,117.19,32.99,Anhui,East_China,25304.1,137467.1,235346,549.6,4934.9,17687.7,10702.2,19285.3,3383.8,6680.2,7420.2,30414.1,41626.4,33074,55353.3
123,113.13,23.15,Guangdong,Central_South_China,29439.3,1339.9,2.4,22.3,0,74.5,2850.7,240,4488.8,1490.5,530.9,380.2,38479,42449.2,269577.1
124,117.22,32.45,Anhui,East_China,206878.9,41464.7,70988.4,165.8,1488.5,5335.2,3228.1,5817.1,1020.7,5460.9,10252.1,8921.6,64705.3,86223.3,23496.5
125,114.21,30.4,Hubei,Central_South_China,92704.6,28666,21811.8,204.1,3769.6,16181.8,4354.1,2730,7477,3097.1,285.5,1456.4,83156.9,33641.7,164508.8
126,111.46,27.16,Hunan,Central_South_China,220666.3,18097.8,554.5,266.2,2547.6,16792.1,1732.8,2565.2,7982.2,21189.3,660,19185.3,114593,47631.8,36028.8
127,113.2,33.26,Henan,Central_South_China,0,169861.3,212158.1,813.6,1250.3,3633.9,27619.9,4084.4,7147.2,18043,1259.8,64176.7,75841.2,30471.7,17836.5
128,110.74,26.93,Hunan,Central_South_China,169188.7,34612.9,1060.5,509.1,4872.5,32115.5,3314.1,4906.1,15266.2,7976.6,128,17734.7,152058.1,44873.4,27535.1
129,119.41,36.79,Shandong,East_China,0,211209.3,144809.1,434.4,5962,183.7,16565.5,2604.8,6709,13027.6,4246,10655.1,76843.7,80932.5,32470.4
130,106.23,30.92,Sichuan,Southwest_China,53030.3,55251.2,12483.6,1414.5,92.2,21816.3,3549.7,5404.2,23232.6,16615.3,24465.1,63484.7,87841,105843,27875.7
131,110.1,22.68,Guangxi,Central_South_China,69234.4,14665.4,26.7,299.3,23.5,171.7,3875.7,1174.9,4948.8,19814.9,213.7,2751.3,91243.8,183052.8,25633.4
132,116.17,35.19,Shandong,East_China,2449.4,184433,126447.7,379.3,5206.1,160.4,14467.8,2277.2,5860.7,12149.9,5605.4,148463.4,34280.7,58593.5,20640.3
133,117.72,33.13,Anhui,East_China,32582.3,144939.7,248138.6,579.5,5203.1,18649.1,11284.2,20333.9,3567.9,6606,13637,29629.9,40445.1,34549.4,20040.5
134,80.71,43.94,Xinjiang,Northwest_China,5748.1,49471,29978.6,176.2,111116.9,1205.5,107.3,708.6,1457.6,2168,152683.6,220762.4,30393.6,2501.5,3213.3
135,115.22,36.22,Hebei,North_China,0,156298.7,114863.4,2390.1,5170.3,1175.4,10813.2,2167.2,9548.4,16391.5,8146,57246.3,58857.1,94339.3,25383.6
136,119.07,39.77,Hebei,North_China,260.3,155757.6,84195.8,3000.4,6667.2,354.4,5269.7,1555.2,10631.1,19643.7,8167.5,88301.4,96660.1,35491.4,50394.4
137,112.24,22.61,Guangdong,Central_South_China,26500.7,3609.3,6.5,60.1,0,200.6,7679.1,646.4,12091.6,6809.8,219.8,4465.7,65824.6,232203,18901.5
138,121.75,37.2,Shandong,East_China,0,174642.2,119737.9,359.2,4929.8,151.9,13697.3,2153.7,5547.3,5692.9,17584.2,16605.6,40132.8,138408.1,14443.9
139,114.34,33.87,Henan,Central_South_China,4297.4,161772.2,202047.6,774.8,1190.7,3460.7,26307.6,3893.9,6810.1,11787,1951.1,51661.5,69430.2,40355.9,18613.1
140,103.47,30.38,Sichuan,Southwest_China,88225.9,27044.9,6110.6,692.4,45.1,10678.8,1737.5,2645.3,11372.1,132.2,23594,25180.5,155120.4,56240,45212.7
141,112.57,32.12,Hubei,Central_South_China,145507.9,58713.8,44674.2,418,7720.7,33143,8918.6,5592.2,15314.8,7420.4,614.9,33891.7,53088.6,90002.6,18320.3
142,116.75,37.72,Shandong,East_China,0,216572.9,134490.7,2105.5,7519.7,324,12683.9,2444.8,10400,66346.1,6838.4,71096.4,40287.3,35428.3,23343.5
143,112.78,26.42,Hunan,Central_South_China,171982.9,13111.3,401.7,192.9,1845.7,12165.3,1255.4,1858.4,5782.8,47961.7,0,10552.7,75920.5,96175.2,24082.6
144,117.95,35.04,Shandong,East_China,591.2,176264.3,120849.8,362.5,4975.6,153.3,13824.6,2173.7,5598.9,11278.4,6969,55483.4,60784.1,62302.8,42093.1
145,117.03,39.95,Hebei,North_China,23.3,124808.3,57388.1,1906.6,5473.8,194,3076.2,1283.3,6423.7,16962.6,21954.7,49465.5,91496.9,46280.6,77545.7
146,112.91,30.66,Hubei,Central_South_China,96645.4,106244,80840.5,756.4,13971.1,59974.3,16137.3,10118.1,27711.8,7459,68.9,3930.9,85760.8,30859,33697.1
147,119.63,31.9,Jiangsu,East_China,4256.8,93442.6,241946.8,4303.6,1947,13816.1,7064.4,15240.4,4714.2,2454,0,6315.6,41114,41411.8,62705.7
148,112.88,27.79,Hunan,Central_South_China,183734.8,2453.7,75.2,36.1,345.4,2276.7,234.9,347.8,1082.2,18432.7,765.9,11488.7,148021.1,26248.1,49945.8
149,117.61,24.54,Fujian,East_China,32981,1613,14,205.7,0,163.6,3123.5,1233.9,19234.2,945.5,839.2,2702.1,82197.8,164682.3,61350
150,115.37,37,Hebei,North_China,0,207553.3,112194,3998.2,8884.3,472.3,7022.2,2072.4,14166.3,13771.2,18019.4,70466.7,25551.5,65925.3,40140
151,111.69,29.56,Hunan,Central_South_China,206439,11212.7,343.6,164.9,1578.4,10403.7,1073.6,1589.3,4945.4,20938.3,0,40300.4,79608.6,68522.8,23100.8
152,114.99,30.84,Hubei,Central_South_China,155907.4,35237.2,26811.8,250.9,4633.7,19891.2,5352.2,3355.8,9191,25616.6,8511.9,16429.2,36894.3,105189.7,26624.4
153,119.03,34.44,Jiangsu,East_China,199963.8,59421.5,153857.4,2736.7,1238.1,8785.9,4492.4,9691.6,2997.9,1704.2,560.7,10983,46552.2,17982.6,28580.4
154,116.42,34.4,Anhui,East_China,0,127545.4,197296.9,524.1,3656.6,12272.1,12514.7,13484.2,3724.8,10620.7,533.4,103553.4,35779,29405.5,28021.4
155,115.16,38.47,Hebei,North_China,0,188335,101805.5,3628,8061.6,428.5,6372,1880.5,12854.7,9432,25290.6,49859.3,89363,22248.3,50592.4
156,114.82,37.18,Hebei,North_China,0,210868.3,113985.9,4062.1,9026.2,479.8,7134.4,2105.5,14392.6,11527.2,10148.5,26405.4,41062.9,72054.5,48978.7
157,112,27.7,Hunan,Central_South_China,169933.6,14344.3,439.5,211,2019.3,13309.3,1373.4,2033.2,6326.6,40973,890.4,25447.3,118451,31982.2,36750.3
158,112,30.71,Hubei,Central_South_China,212150.1,28349.3,21570.8,201.8,3727.9,16003,4305.9,2699.8,7394.4,4679.9,333.9,12327.2,81860.3,70479.1,15719.7
159,118.24,35.44,Shandong,East_China,0,181919.7,124727.2,374.2,5135.2,158.2,14268.2,2243.5,5778.6,22981.8,5365.6,57561.7,55533.4,57891.7,31971.7
160,104.86,29.54,Sichuan,Southwest_China,49087.4,63663.3,14384.2,1629.8,106.2,25137.8,4090.1,6226.9,26769.7,7497.1,13898.2,37937.5,96454.3,69387.3,50452.7
161,121.14,32.09,Jiangsu,East_China,124578.1,40409.4,104629,1861.1,842,5974.7,3055.4,6591.1,2039,287.4,605.8,59239.7,34342.8,31909.7,71844.1
162,107.46,40.96,Inner Mongolia,North_China,0,117805,6525.3,3482.5,0,1851.9,185.4,8582,6729.7,3416.3,5324.6,392828.6,5254.3,4393.5,18855.4
163,119.16,35.37,Shandong,East_China,0,188390.9,129164.2,387.5,5317.9,163.9,14775.9,2323.5,5984.2,11147.9,2277.8,23200.2,92936,53189.3,24434.7
164,116.31,37.51,Shandong,East_China,0,186538.6,109566.5,2557.6,7107.3,339.8,8996.1,2004.1,10535.7,67839.9,3101,47577.4,34423.7,50617.7,37227
165,116.87,28.84,Jiangxi,East_China,259359.7,490.4,62.8,20.2,852.4,2117.3,1029.9,795.2,1536.4,10544.6,4.9,1605.5,71578.5,65262.7,31786.6
166,118.61,34.72,Shandong,East_China,47808.8,150287.9,161608.1,1662.8,4014.8,4653.1,11701.7,6493.7,5350.1,7974.6,15404,13038,58463.9,38210.1,30807.8
167,112.11,26.89,Hunan,Central_South_China,155793.9,15848,485.6,233.1,2230.9,14704.6,1517.4,2246.3,6989.9,20501.3,0,33905.2,85325.8,82408.3,19868
168,120,32.66,Jiangsu,East_China,286530,605.2,1567,27.9,12.6,89.5,45.8,98.7,30.5,1133.9,130,12793.3,57711.6,41423.1,50529.2
169,113.33,34.45,Henan,Central_South_China,475.6,122149.2,152566.1,585.1,899.1,2613.2,19861.6,2937,5139.4,20490.1,1664.4,46140.2,36529.1,70452.4,35405.9
170,116.46,39.3,Hebei,North_China,4.3,169334.5,90377.2,3222.8,7125.7,378.8,5655.1,1712.7,11415.9,23752.3,18935.7,80080.9,55346.8,33013.8,46399.7
171,113.8,27.71,Jiangxi,East_China,124015,2475,172.4,62.7,1933.5,5660.1,2226,1819.2,3762.8,19194.2,689.4,48778.5,104781.5,55699.4,46736
172,117,36.89,Shandong,East_China,10011.7,169146.7,115968.8,347.9,4774.6,147.1,13267.5,2087.3,5373.9,47379.1,23105.3,42337.4,33858.4,37266.2,46637.4
173,116.71,28.25,Jiangxi,East_China,208028.1,965.6,123.6,39.8,1678.4,4169.1,2027.9,1565.7,3025.2,24405.4,2145.8,2602.8,146047,18699.5,24557.2
174,119.15,29.1,Zhejiang,East_China,65642.6,7788.6,9020.9,595.3,518,6460.4,1193.5,8186.9,13517.4,1959.6,946.5,5793.9,187539.6,56353,29238.5
175,112.65,30.15,Hubei,Central_South_China,222871.2,55125.6,41944.9,392.4,7249,31118.2,8373,5249.9,14378.5,8188.3,78.6,2723.4,67580.6,32402.7,17463.2
176,116.65,36.17,Shandong,East_China,0,185602.4,127251.3,381.7,5239.2,161.5,14557.9,2289.9,5896.3,15263.1,16568.1,65931.8,43561.1,52181.2,24009.9
177,113.89,31.47,Hubei,Central_South_China,161186.9,47765.6,36344.6,340.1,6281.2,26963.5,7255.1,4548.9,12458.8,15672.4,520.2,21372.3,62523.1,64308.4,17429.6
178,112.86,23.47,Guangdong,Central_South_China,70222.2,2751.4,5,45.8,0,152.9,5853.3,492.9,9216.6,4917.6,478.9,4438.3,136521.4,92947.1,45474.6
179,119.16,33.28,Jiangsu,East_China,338214.6,2982.7,7722.9,137.4,62.1,441,225.5,486.5,150.5,8926.3,3.3,8083.9,38420,42408.8,23211.2
180,123.35,42.74,Liaoning,Northeast_China,2164,275141.6,303.4,3742.1,0,75.2,8752.9,3410.3,12328.6,68661.9,11169.3,36137.3,85309.6,60826.2,13166
181,111.91,30.14,Hubei,Central_South_China,138133.7,67215.3,51143.8,478.5,8838.8,37942.7,10209.3,6401.2,17531.9,12555.9,117.1,7877.2,93764.3,30519.2,20986.1
182,116.62,32.43,Anhui,East_China,170582.5,67389.2,115371.3,269.4,2419.2,8670.8,5246.4,9454.1,1658.8,12659.1,15.2,27371.3,44466.9,30001.3,18632
183,121.98,41.46,Liaoning,Northeast_China,63127.9,224492.7,77,3003.1,0,12.9,7236.6,2592.6,10020.4,37554.8,6190.9,25703.3,82647,54473.9,29135.1
184,118.33,37.67,Shandong,East_China,3985.8,166621.5,114238.6,342.7,4703.4,144.9,13068.3,2054.8,5292.6,26214.5,14046.1,110287.6,25725.5,47526.7,17910.4
185,104.73,31.3,Sichuan,Southwest_China,49523.1,43712.6,9876.5,1119.1,72.9,17260.1,2808.4,4275.6,18380.7,9332.6,6999.8,15675.3,89869.5,80042.9,63053.4
186,117.91,37.17,Shandong,East_China,736.8,199823.4,137002.6,411,5640.6,173.8,15672.4,2464.4,6347.3,39052.6,13044,17513.5,21760.8,62436.5,32520.7
187,117.05,39.29,Tianjin,North_China,1054.9,119919.1,48306.8,1068.3,8612.7,34.9,810.8,838.4,2411.2,22888.7,58654,17236.2,68789.4,1417.9,117023.2
188,113.12,28.33,Hunan,Central_South_China,130290.4,7916.3,242.6,116.4,1114.4,7345.1,758,1122.1,3491.5,7622.1,1035.7,6472.8,97383.8,24246,103511.6
189,115.73,32.09,Henan,Central_South_China,146077.7,43545.8,54607.3,208.2,334,982.1,7040.6,1101.8,1823.9,15109.9,0.4,31963.1,59372.2,65372.8,23899.3
190,106.44,30.47,Sichuan,Southwest_China,89215.4,53996.7,11887.4,1372.5,87.3,21121.9,3454.1,5350.5,23559.8,6680.5,1272.6,10607.6,120757.9,68476.1,20449
191,119.9,36.91,Shandong,East_China,0,204228.3,140022.7,420.1,5765,177.7,16017.9,2518.7,6487.2,9538,1697.9,15610,53294.8,56782.7,31404.9
192,115.39,27.96,Jiangxi,East_China,214608.1,1633.8,209.1,67.4,2839.7,7053.8,3431.1,2649.1,5118.4,7295.4,144,1987.2,148253.2,6682.8,27992.6
193,114.9,31.99,Henan,Central_South_China,102892.7,94211.1,117670.8,451.3,693.5,2015.5,15318.8,2265.2,3963.9,16827.6,17,9592.5,33736,67615.7,21872
194,105.22,30.27,Sichuan,Southwest_China,44369.7,63757.2,14405.4,1632.2,106.4,25174.9,4096.2,6236.1,26809.3,4557,7689.8,60124.3,102386,63517.7,21299.2
195,115.46,28.62,Jiangxi,East_China,184404.4,3945,504.9,162.6,6856.8,17032.3,8284.8,6396.6,12359.1,33066.1,2175.6,8269.5,76300.6,48764.4,26608.8
196,108.18,23.01,Guangxi,Central_South_China,50939.9,26647.6,48.4,543.8,42.7,312,7042.3,2134.8,8992.2,12754.6,1332.7,6026.4,69380.3,123142.6,56462.3
197,110.82,22.45,Guangdong,Central_South_China,44103.4,4856.9,8.8,93.3,5.3,125,4176.3,542.7,6316.1,12704.7,604.5,1822.6,78396.7,167551.6,19225.9
198,114.84,30.27,Hubei,Central_South_China,115444.2,20786.5,15816.2,148,2733.4,11733.8,3157.3,1979.6,5421.8,6963.1,560.4,8892.4,89673.9,69409.3,47108.9
199,113.93,35.71,Henan,Central_South_China,0,57682.7,72045.3,276.3,424.6,1234,9379.6,1387.4,2427.4,19884.8,740.2,33701.9,88624.1,105054.6,15919.5
200,111.48,29.11,Hunan,Central_South_China,177254.8,8720.8,267.2,128.3,1227.6,8091.6,835,1236.1,3846.4,19489.1,0,42286.7,54441.9,69402,27729.7
201,110.36,21.55,Guangdong,Central_South_China,50360.6,12770.6,23.1,212.5,0,709.9,27170.5,2287.1,42783.2,7149.1,2258.8,7229.2,116767.4,77036.4,40377
202,117.25,38.07,Hebei,North_China,0,202840.3,109872.1,3880.6,8659.8,459.4,6932.2,2029,13787.9,20020.7,6030.7,39829.6,50913,42342.5,30428.2
203,117.04,31.58,Anhui,East_China,215907.5,2344.9,4014.4,9.4,84.2,301.7,182.6,329,57.7,2511.8,0,1371.3,34451.4,89731.4,42320.4
204,111.45,27.72,Hunan,Central_South_China,155528.5,15778,483.4,232.1,2221.1,14639.6,1510.7,2236.4,6959,55757.9,0,35191.9,68942.1,33737.9,35778.6
205,115.77,29.94,Hubei,Central_South_China,193757,24460,18415.5,184.7,3714.2,14970.3,4318.8,2802.3,7269.7,10194.4,6838.3,5627.6,74637.7,37985.9,31395
206,116.03,27.82,Jiangxi,East_China,181858.3,753.7,96.5,31.1,1310,3254,1582.8,1222.1,2361.2,19594.4,262.1,2460.3,68668.4,93508.2,14320.5
207,111.68,26.46,Hunan,Central_South_China,175635.8,30547.8,936,449.3,4300.2,28343.8,2924.9,4329.9,13473.3,20696.2,0,15331.6,111263.4,19016,19923.1
208,121.83,39.65,Liaoning,Northeast_China,4214.3,196419.5,67.4,2627.5,0,11.3,6331.7,2268.4,8767.4,21522.5,213,26566.5,51923.4,121022.4,27728.8
209,122.23,41.04,Liaoning,Northeast_China,174793.7,21531.9,7.4,288,0,1.2,694.1,248.7,961.1,18088.9,1122.9,13390.7,36664.8,96491.4,33485.9
210,118.77,32.96,Jiangsu,East_China,253580.3,9204.4,23152.1,391.3,203.5,1346.1,697.6,1483.5,444.3,7253,11.4,14689.2,41403.6,59593.3,15992.5
211,112.19,29.65,Hubei,Central_South_China,247843.6,18644,12642,148.8,2471.3,11292.8,2713.1,1873.9,5244,15159.8,89.6,10399.4,54538.2,41155.5,18702.7
212,113.08,28.82,Hunan,Central_South_China,149480.4,15991.5,490,235.2,2251.1,14837.7,1531.2,2266.7,7053.2,24117,2199.1,9668.5,111969.8,37891.3,28613.4
213,116.13,32.46,Anhui,East_China,107296.7,70484.8,120637.5,281.9,2528.3,9061.4,5493.7,9880.1,1736.4,10459.1,24.5,19508.9,57501,25608.1,30763.9
214,117.75,35.76,Shandong,East_China,0,172489.9,118262.3,354.8,4869.1,150,13528.6,2127.2,5479,13975.4,7981.6,72956.7,46707.9,31871.4,28752.2
215,105.5,30.67,Sichuan,Southwest_China,37952,56263.4,12712.3,1440.4,93.9,22215.9,3614.8,5503.2,23658.2,12025.7,908.1,26956.3,126297,51964.9,30819.3
216,118.59,37.23,Shandong,East_China,3044.7,167667.9,114955.1,344.9,4732.9,145.9,13151.1,2068.6,5326.5,3319.6,29523.6,37342.5,36392.4,64370.9,20904.3
217,113.59,34.87,Henan,Central_South_China,14388.1,85470.6,106752.8,409.4,629.1,1828.5,13898.2,2055.7,3596.8,26966.5,9267.6,19200.3,30221.9,36276.3,87108.5
218,120.56,31.78,Jiangsu,East_China,25892.6,61340.7,158827.1,2825.1,1278.1,9069.6,4637.4,10004.6,3094.6,1862.8,6509.6,2223.1,20622.6,15488.4,109785.7
219,114.88,28.19,Jiangxi,East_China,170570.3,2192.9,280.7,90.4,3811.6,9467.9,4605.4,3555.7,6870.2,22920.3,984.8,8620.6,93820.3,52923.9,18201.2
220,112.38,33.11,Henan,Central_South_China,1872.8,130261.8,162695.5,623.9,958.8,2786.7,21181.9,3133.5,5482,19849.7,4632.4,32130.7,27311.7,54991.5,24023.2
221,81.21,43.84,Xinjiang,Northwest_China,2656.4,53512.5,32427.6,190.6,120194.7,1304,116.1,766.4,1576.7,941.7,41634.3,232991.9,6317.9,8469.7,12642.4
222,116.01,39.45,Hebei,North_China,12.6,125822.4,64601.2,2308.3,5024.2,267.1,4039.4,1321.6,8170.1,14563,12310.8,40733.8,64239.4,48072.6,56924.1
223,113.17,30.24,Hubei,Central_South_China,179005.4,48321.7,36767.7,344,6354.3,27277.3,7339.6,4601.9,12603.8,8599.1,47.1,878.8,67057,33651.7,22476
224,118.85,35.94,Shandong,East_China,0,155830.6,106837.2,320.5,4398.7,135.6,12224.8,1924.8,4952.4,16564.9,2595.3,58190.7,56651.3,55800.9,14570.3
225,112.5,30.94,Hubei,Central_South_China,179650.7,38387.9,29209.1,273.3,5048,21669.7,5830.7,3655.8,10012.8,13599.5,764,10563.8,69840,35711.6,19900.7
226,118.81,33.66,Jiangsu,East_China,27847.4,60994.7,157926.7,2809.1,1270.9,9018.3,4612.4,9949.1,3078.2,3392.7,6394.5,12689.5,41915.2,60478.1,34793.5
227,114.48,30.88,Hubei,Central_South_China,168461,28298.5,21532.2,201.5,3721.2,15974.4,4298.2,2695,7381.1,8104.1,1926.3,5726.4,68645.7,35771.6,45513.8
228,121.19,31.38,Shanghai,East_China,90053.6,864.3,2606.8,246.6,2.6,184.8,82.4,113.5,77.8,1260.3,14675.1,6100.9,48057.3,3584.9,172026
229,114.49,36.82,Hebei,North_China,146.7,109903.8,59409.2,2117.1,4704.4,250.1,3718.6,1097.5,7501.5,11305.8,6222.7,41599.9,32045.9,81751.4,62217.5
230,112.47,28.05,Hunan,Central_South_China,171614.5,5246,160.7,77.2,738.5,4867.5,502.3,743.6,2313.8,27426,1095,12316.8,92721.3,46080.6,25060.6
231,106.18,37.99,Ningxia,Northwest_China,48961.5,37641,5060,1552.8,0,87.9,15.5,225.7,8882.7,37162.6,177059.7,97476.2,14532.7,6876.9,22644.7
232,105.53,29.03,Sichuan,Southwest_China,75096,47234.2,10411.1,1201,76.5,18484.6,3022,4677.6,20574.9,11120.8,88,5878.6,89316.8,72022.6,37580.2
233,116.66,35.29,Shandong,East_China,103421.9,117207.1,80358.9,241.1,3308.5,102,9192.8,1445.6,3723.1,28501.7,1569.2,27217.4,57813.1,23508.2,25259
234,115.18,37.52,Hebei,North_China,0,219323.1,118555.9,4224.9,9388,499,7420.6,2190.1,14969.8,17860.3,31803.4,27604.2,26420.4,33249.4,30337.9
235,116.19,37.99,Hebei,North_China,0,185161.3,100089.9,3566.9,7925.8,421.3,6264.6,1848.8,12638,26841.8,11547.5,58478.6,30847.2,41079,28327.9
236,115.83,37.41,Hebei,North_China,0,203353.5,111461.2,3734.9,8550,447.8,7352.8,2055.4,13493,37376.3,4651.8,48189.6,34523.3,24021.6,33394
237,112.3,26.43,Hunan,Central_South_China,132724.2,9645.1,295.5,141.9,1357.8,8949.2,923.5,1367.1,4254,25597.6,0,26192.4,70286.9,77069.7,21669.3
238,115.64,33.7,Anhui,East_China,0,121807.2,183876.2,529.1,2853.2,9960.8,13998.3,10902.5,3931,7745.1,584.4,35617.5,39209,36972.2,21953.4
239,111.57,30.51,Hubei,Central_South_China,151695.3,10344.7,7871.2,73.6,1360.3,5839.5,1571.3,985.2,2698.2,10858.2,846,17298.1,103218.4,33861.4,36445.4
240,119.74,35.91,Shandong,East_China,0,202692.5,138969.7,416.9,5721.6,176.3,15897.5,2499.7,6438.4,6291.7,14622.5,19516.2,62170.4,35817.1,12686
241,117,25.09,Fujian,East_China,18438.3,619.9,5.4,79.1,0,62.9,1200.5,474.2,7392.6,1270.6,662.7,2225.2,63769.5,188563.9,13322.4
242,116.55,23.45,Guangdong,Central_South_China,37797.7,1352.8,2.4,22.5,0,75.2,2878.1,242.3,4532,4007.9,252.9,1188.4,58354.6,36179.4,163581.8
243,120.32,30.26,Zhejiang,East_China,46302.2,2049.9,2374.2,156.7,136.3,1700.3,314.1,2154.7,3557.6,909.9,2357.3,38201.3,42406,31905.1,152502.6
244,122.72,42.25,Liaoning,Northeast_China,3661.5,265185.3,91,3547.4,0,15.2,8548.4,3062.5,11836.8,50224.8,16379.9,45928.5,47750.7,64400.2,10844.8
245,114.91,26.84,Jiangxi,East_China,153080.5,2147.8,274.9,88.5,3733.1,9272.9,4510.5,3482.5,6728.7,48203.9,308.8,637.2,47243.7,74263.9,27675.7
246,125.65,44.29,Jilin,Northeast_China,45327.8,392100.1,5.7,6457.6,0,0,9505.6,7964.3,8539.1,40977.6,2918.5,6385,49641,38555.3,12030.8
247,110.14,22.19,Guangxi,Central_South_China,47498.4,6211.3,11.3,126.5,9.9,75.4,1757.2,503.8,2283,17430.3,195.8,2800.2,137027.3,82265.5,28913.1
248,106.11,31.4,Sichuan,Southwest_China,54323.4,55987.8,12650,1433.3,93.4,22107.1,3597,5476.2,23542.3,18509.7,990.8,47436.7,76757.1,65598.4,21125.2
249,107.07,30.91,Sichuan,Southwest_China,81774.6,50606.3,11434.1,1295.5,84.4,19982.2,3251.3,4949.8,21279.4,26567.6,3758.9,18085.3,86420.5,54637,23661.3
250,124.28,43.28,Jilin,Northeast_China,3280.7,343317.6,28.5,5433.1,0,4.1,8894.4,6346.9,9110.9,29274.7,3332.7,19182.4,77563.8,34536.7,28833.4
251,109.14,34.66,Shaanxi,Northwest_China,17.1,77974.1,43945.2,3914.4,645.3,6783.7,1560.5,3067,18611.1,23999.9,28099.5,61580.7,24826.7,35686.6,83791
252,109.77,23.06,Guangxi,Central_South_China,60827.8,43187.8,78.5,881.4,69.2,505.6,11413.6,3459.9,14573.6,11427,101.3,2116.5,91238.8,91259.4,32294.5
253,115.92,28.84,Jiangxi,East_China,154730.4,2204.9,282.2,90.9,3832.4,9519.7,4630.6,3575.2,6907.8,12203,242.7,1288.5,61101.7,42430.9,66190.4
254,105,29.04,Sichuan,Southwest_China,54046.9,60513,13672.4,1549.2,100.9,23893.9,3887.7,5918.8,25445.1,8788.4,1988.5,46056.4,75334.7,61964.3,26374.3
255,113.39,31.74,Hubei,Central_South_China,88913.8,37639.9,28640,268,4949.6,21247.6,5717.1,3584.6,9817.7,11447.6,871.8,17681.1,72618.8,68244.7,23295.5
256,114.07,34.79,Henan,Central_South_China,49419.6,79985,99899.9,383.1,588.7,1711.1,13006.6,1924.3,3366.4,18904.2,8326.2,29498.8,36038.7,36763.6,50535.9
257,122.43,41.64,Liaoning,Northeast_China,33348,293896.4,100.8,3931.5,0,16.8,9474,3394.2,13118.4,23464.3,3998.6,23508.7,53521.2,61626.5,16169.2
258,112.97,29.68,Hunan,Central_South_China,174185.8,35812.9,24780.4,280.6,4740.7,21444.9,5249.7,3567.9,9950.6,12701.3,223.2,1810.9,56238.9,37763.8,30528.8
259,120.18,36.5,Shandong,East_China,887.3,196668.7,134838,404.5,5551.5,171.1,15426.2,2426.7,6248.2,7297.5,13386.1,10184.5,26973.2,45771,35970.6
260,112.03,29.14,Hunan,Central_South_China,262835.2,2565.2,78.6,37.7,361.1,2380.2,245.6,363.6,1131.4,18271.1,52.9,9892.1,45211.1,41440.8,16518.1
261,103.8,29.99,Sichuan,Southwest_China,96358.2,36377.7,8219.3,931.3,60.7,14364,2337.1,3558.1,15296.5,236.4,9213,16802.9,77637.7,58446.7,40326.1
262,113.05,22.66,Guangdong,Central_South_China,54154.5,1362.4,2.5,22.7,0,75.7,2898.7,244,4564.3,2540.5,50.5,223.7,64719.6,31881.2,146178.5
263,114.41,27.97,Jiangxi,East_China,143220.1,1126.4,144.2,46.4,1957.8,4863.1,2365.5,1826.4,3528.8,60827.2,740.4,2442.6,89080.5,29874,31269
264,119.53,32.5,Jiangsu,East_China,244412,4215.8,10915.7,194.2,87.8,623.3,318.7,687.6,212.7,2656.1,0,4246.9,30240.2,23795.9,63996.8
265,118.17,33.3,Jiangsu,East_China,204498.3,36077.8,70026,540.3,1153.3,4822.7,2788.1,5276.6,1131.9,2956.4,7705.1,12366.2,32411.7,30132.3,18486.8
266,120.26,37.26,Shandong,East_China,0,169597.6,116279.2,348.8,4787.4,147.5,13301.7,2091.5,5387.1,9382.7,4984.2,23496.3,65347.9,45671.9,14568.9
267,117.59,32.1,Anhui,East_China,228453.1,8511.3,14571.5,34,305.5,1095.1,662.6,1194.1,209.5,2905.4,19365.4,3547,65671.4,31854.7,16436.2
268,120.32,33.65,Jiangsu,East_China,30254.6,75299.1,194959.2,3467.8,1568.9,11133,5694.9,12283.1,3800.8,1568.8,3619.6,7737.5,35249.4,44490.6,15101
269,104.78,30.75,Sichuan,Southwest_China,70361.8,43894.8,9917.7,1123.7,73.2,17332.1,2820.1,4293.4,18457.3,5128,8280.2,39439.1,79233.3,57689.3,28209.2
270,120.09,31.79,Jiangsu,East_China,34129,40563.7,105028.5,1868.2,845.2,5997.5,3067,6616.2,2046.7,1259.2,155.6,2063,28809.4,11590.1,127823.7
271,115.8,36.5,Shandong,East_China,0,159788.4,109550.4,328.6,4510.4,139,12535.4,1973.9,5078.4,7718.8,4028.6,26704.2,33993.1,61779.2,30658.8
272,112.64,27.34,Hunan,Central_South_China,133862,3096.8,94.9,45.6,435.9,2873.4,296.5,439,1365.9,40714,280.2,9600.9,83317.8,64603.9,14705.8
273,116.08,38.51,Hebei,North_China,0,170766.2,92308.8,3289.6,7309.6,388.6,5777.6,1705.1,11655.5,11414.8,3100.6,30965.3,22679.9,49368.5,51951
274,123.7,42.38,Liaoning,Northeast_China,44692.5,184495.8,63.3,2468,0,10.6,5947.3,2130.7,8235.2,66753,5249.3,16529,38585.9,52724.2,34640.5
275,122.72,41,Liaoning,Northeast_China,40804.8,198347.3,68,2653.3,0,11.4,6393.8,2290.6,8853.4,10278.5,666.4,12947.6,28909.7,93573.8,38209.8
276,116.92,32.05,Anhui,East_China,226861,7740.6,13252,30.9,277.9,996,602.6,1086,190.6,6445.8,1865.9,12761.6,50011.3,46524.8,14059.1
277,117.41,36.17,Shandong,East_China,0,173446.9,118917.9,356.7,4896.1,150.9,13604,2139.4,5509.7,4282.2,19879.9,72204.1,34315.6,14439.5,27274.8
278,118.38,24.89,Fujian,East_China,25365.5,1181.9,10.2,150.7,0,119.9,2288.8,904.2,14093.9,5242.8,1479.8,4010.4,34337.8,109800.9,89680.7
279,118.37,35.93,Shandong,East_China,0,150840.9,103418.9,310.2,4257.9,131.2,11830.8,1860.4,4791.5,17103.1,1519.3,84892,40033.8,35627.2,10974.3
280,126.63,44.62,Jilin,Northeast_China,86152.2,345631.5,5,5692.3,0,0,8379.1,7020.4,7527.1,32398.8,5631.6,5447.1,49713.3,18837.9,9597.4
281,117.43,37.29,Shandong,East_China,0,148260,101644.8,304.9,4184.9,129,11632.4,1833.1,4713.3,30214,5965.3,25647.9,27907.1,67092.3,16047.7
282,107.16,30.06,Chongqing,Southwest_China,98069.1,32078.6,3720.3,710.6,22.3,10421.9,1890.9,3916.2,23130.6,9959.3,1890.3,16812.1,50858.6,90340.9,16895.2
283,109.15,22.3,Guangxi,Central_South_China,52284.4,32932.4,59.9,672.1,52.8,385.5,8703.3,2638.3,11113,6143.4,5249.8,1894.7,31507.8,148004,20341.5
284,114.03,30.95,Hubei,Central_South_China,179347.2,26661.9,20286.4,189.8,3505.9,15050.1,4050,2539.5,6954.5,16561.8,14.8,3464,35008.9,38186.8,37249.2
285,121.16,30.87,Shanghai,East_China,162486.6,2550.2,7786.4,818.8,3.1,601.2,254.3,364,322,17.4,10940.1,12524.3,17468.8,20640,105774.3
286,112.63,22.3,Guangdong,Central_South_China,69561.6,6262.2,11.3,104.2,0,348.1,13323.4,1121.5,20979.2,5905.4,93.7,1785.6,70676.7,82618.5,47482.3
287,122.88,41.76,Liaoning,Northeast_China,81144.2,128520.9,44.1,1719.2,0,7.4,4143.5,1484.9,5737.2,34082.1,4816.5,21503.7,48473.2,60491.4,25383.1
288,118.69,39.98,Hebei,North_China,0,96891.1,52374.7,1866.4,4147.4,220.5,3278.5,967.8,6613.5,13383.9,27203.5,26588.1,79129,36122.1,41457.3
289,111.94,27.27,Hunan,Central_South_China,168163.1,22412.4,686.7,329.7,3155,20795.2,2146.1,3176.9,9885.2,24151.5,0,9183.3,60867.4,31200.5,25782
290,120.54,41.74,Liaoning,Northeast_China,6904.2,117624.2,40.4,1573.5,0,6.7,3791.7,1358.4,5250.3,34172.1,1598.4,43816,32948,107282,22372.4
291,105.96,30.5,Sichuan,Southwest_China,57955,55866.8,11086,1382,79.6,21081.5,3515.3,5803.6,27691.4,10245.3,1792.6,46753.2,86458.5,44619.9,12121.5
292,114.37,38.43,Hebei,North_China,0,112537.7,60831.8,2167.8,4817.1,256.1,3808.8,1125,7682.2,24683.4,54213,14893.4,48618.2,44963.6,29490.1
293,106.63,31.24,Sichuan,Southwest_China,70577.7,49569.8,11199.9,1269,82.7,19572.9,3184.7,4848.5,20843.6,15336.6,901,52688.6,72474.1,45725.2,14883.9
294,117.79,32.63,Anhui,East_China,167485.3,44235.7,75732.1,176.9,1588,5691.7,3443.9,6205.8,1088.9,6071.2,14.2,8400.3,54446.5,18903.4,13038.8
295,105.8,31.02,Sichuan,Southwest_China,44061,56184.7,12694.3,1438.3,93.7,22184.5,3610.2,5495.9,23625.3,14834.5,6636.2,51049.2,85064.1,43322.1,12281.3
296,103.75,29.52,Sichuan,Southwest_China,81795.5,42496.2,9601.6,1087.9,70.9,16779.7,2730.4,4156.7,17869.3,3104.6,608.1,1950.4,67497.1,65056.9,37066
297,125.17,44.19,Jilin,Northeast_China,12201.1,381636.8,5.5,6285.3,0,0,9251.9,7751.8,8311.2,42002.9,5102.9,19011.6,46597.2,23417.3,15709.9
298,118.44,36.46,Shandong,East_China,0,123049.9,84364.6,253.1,3473.4,107,9651.4,1518,3909,6570.2,12710.9,34056.3,37867,55054.2,35388.6
299,104.44,29.96,Sichuan,Southwest_China,42783.9,63161.3,14270.8,1617,105.4,24939.6,4057.9,6177.8,26558.7,1491.7,5520.4,46476.9,75434.7,51150.4,18695.6
300,119.64,32.99,Jiangsu,East_China,263116.7,4659.8,12065.5,214.6,97.1,689,352.3,760,235.1,1759.7,3791.5,4288.2,35381.9,26425.7,22514.9
301,112,28.67,Hunan,Central_South_China,164721.8,5735,175.7,84.4,807.3,5321.2,549.1,812.9,2529.5,23567.7,466.9,7127.4,81459,39797.2,15069
302,116.45,31.95,Anhui,East_China,197624,18721.3,32051.1,74.9,672.1,2408.8,1457.5,2626.4,460.8,6417.5,0,10653.5,42592.5,30799.3,26260.7
303,113.34,27.59,Hunan,Central_South_China,154408.6,5474.7,167.7,80.5,770.7,5079.7,524.2,776,2414.7,6834.7,622.4,55059.8,64249.8,31820.5,23320.2
304,114.28,32.18,Henan,Central_South_China,53085.7,99451,124214.2,476.3,732,2127.6,16171.4,2391.9,4185,16325.1,27.2,11082.4,51618.6,20346.3,20602.7
305,113.81,23.02,Guangdong,Central_South_China,29420.4,1032.8,1.9,17.2,0,57.4,2197.3,185,3460,1706.1,1032.6,678.4,1789.9,21407.2,201184
306,118.3,28.55,Jiangxi,East_China,111585.5,3780.7,2386.3,220.9,3484.6,9882.2,4344.8,5077.1,9264.2,12523.2,146.4,6417.6,55475.9,67497.5,33540.2
307,120.06,34.16,Jiangsu,East_China,30589.4,73100.2,189264.8,3366.5,1523,10807.7,5528.9,11924.6,3690.1,2365.8,6.2,11473.6,45807.4,21252,8913.2
308,120.8,37.57,Shandong,East_China,0,128597.6,88169,264.5,3630.1,111.9,10086,1585.9,4084.8,3641,4304,15592,37728.6,81443.9,16846.4
309,111.69,34.6,Henan,Central_South_China,0,128781.3,160845.7,616.8,947.9,2755,20941.6,3098.5,5420.2,26024.9,3553.3,29553.8,21879,25302,15694.9
310,123.98,42.78,Liaoning,Northeast_China,7700.9,270505.2,92.8,3618.6,0,15.5,8719.9,3124,12074.3,23003.7,957.4,13455,77848.8,38186.9,18558.9
311,87.48,44.25,Xinjiang,Northwest_China,35425.3,42760.6,25912.2,152.3,96044.8,1042,92.8,612.4,1259.9,2128.8,51427.1,110749.9,36320,7460.3,10232.7
312,113.13,33.7,Henan,Central_South_China,0,102490.7,128004.7,490.9,754.4,2192.5,16668.1,2468,4315.5,15259,1274.9,34792.8,38459.8,20551.2,39655
313,121.3,37,Shandong,East_China,0,132929.8,91139.2,273.4,3752.4,115.6,10425.8,1639.3,4222.4,5328.7,5382,13572.4,37170.2,79201.5,12654.5
314,116.6,38.27,Hebei,North_China,0,156086.7,84373.8,3006.8,6681.2,355.2,5280.9,1558.5,10653.5,11681.5,2256.1,42839.3,28067,32377.9,42325.5
315,105.89,29.77,Chongqing,Southwest_China,103929.5,42262.7,2159.2,850.1,5.2,11985.6,2359.1,5764.8,37969.2,10961,369.1,21522.1,44034.2,54618.5,24662
316,76.02,39.35,Xinjiang,Northwest_China,0,59122.1,35826.9,210.5,132793.9,1440.7,128.3,846.8,1741.9,1550.5,5772.3,151847.7,7022.6,15240.6,22980.9
317,115.9,33.28,Anhui,East_China,0,109250.6,187023.4,436.8,3921.6,14055.9,8510.9,15331.7,2694.4,5831.6,907.1,34694.3,28948.7,11377.1,17136.9
318,103.71,24.98,Yunnan,Southwest_China,38202.3,27662.3,2141.9,1125.5,0,2107.5,195.3,3141.5,3971.8,61276.8,477.9,59348.9,77626.5,26181,31606.4
319,105.35,29.48,Chongqing,Southwest_China,70880.1,49914.2,8276,1183.7,56.7,17798.8,3062.2,5544.7,29192.9,6835.5,3243,16302.3,72289.3,43702.3,27850.9
320,113.86,33.92,Henan,Central_South_China,0,89075.6,111247,426.6,655.6,1905.5,14487.8,2146.8,3752.2,8042,823.2,13718.3,86103.2,28250.4,19114.9
321,124.82,43.74,Jilin,Northeast_China,8459.6,430255.1,6.3,7086,0,0,10430.6,8739.3,9370,21084.7,2360.2,12666.4,55210.2,9300.2,14825
322,115.34,38.87,Hebei,North_China,0,97825.1,52879.2,1884.4,4187.3,222.6,3310.7,977.8,6677.7,9103.8,23764.6,23542.4,43281.9,37039,59692.2
323,114.86,27.3,Jiangxi,East_China,152385.9,2081.5,266.4,85.8,3617.7,8986.3,4371.2,3374.9,6520.8,22385.1,27.5,4443.4,37947.4,60178,23076.3
324,117.58,35.35,Shandong,East_China,0,140261,96164.6,288.5,3959.3,122,11001.3,1730.3,4455.8,7173,262.7,70965.6,39672.9,29870.3,16543.2
325,127.06,46.64,Heilongjiang,Northeast_China,93864.3,190412.5,925.1,1246,0,5.3,185.4,36411.5,6873.2,29957.4,13869.4,10667.2,47552.5,18818.2,12537.2
326,126.02,44.62,Jilin,Northeast_China,86234.9,307069.7,4.5,5057.2,0,0,7444.2,6237.2,6687.3,31049.3,1286,6403.6,34477.1,25475.6,6717.5
327,110.29,19.79,Hainan,Central_South_China,67470.9,0,0,0,0,0,6430.4,916.5,15372.4,30481.6,356,16121.7,58783.9,66036.5,36596.9
328,123.22,42.26,Liaoning,Northeast_China,28094.4,217962.8,74.8,2915.7,0,12.5,7026.2,2517.2,9729,42825.6,23149.4,25861.2,38066.6,38203.3,16459.1
329,119.17,31.82,Jiangsu,East_China,96643.8,51693.4,133847.1,2380.8,1077.1,7643.2,3908.2,8431.2,2608,1581.3,223.1,4626.7,14412.4,23117.9,33650
330,113.31,27.07,Hunan,Central_South_China,138275.1,12140.6,372,178.6,1709,11264.7,1162.4,1720.8,5354.7,14264.1,2229.3,13026.5,68480.6,38466.5,22202.8
331,125.32,44.65,Jilin,Northeast_China,9914.1,410168.1,6,6755.2,0,0,9943.7,8331.4,8932.6,31648.3,1504.8,19875.9,41559.1,21238.2,5917.4
332,112.48,37.52,Shanxi,North_China,386.6,110366.3,19187.3,3629.3,163.9,224,97.7,3120.8,5468.6,5651.6,17699.6,52560.9,61231.3,35405,47695.6
333,115.81,34.58,Shandong,East_China,0,128583.9,103894.2,340.8,3046.4,685.3,12442,1918.9,4377.5,14447.8,903.6,69350.7,27005.7,25734.4,22831.9
334,113.23,30.98,Hubei,Central_South_China,150654.8,25615.9,19490.6,182.4,3368.4,14459.7,3891.1,2439.9,6681.7,7673.2,164.6,6280.6,51805,42150.5,15072.7
335,107.64,31.04,Sichuan,Southwest_China,72695.4,30929.7,6851,787.5,50.4,12125.4,1980.5,3055.6,13381,27957.5,5389.2,23038.6,57994.3,53222.3,22779.5
336,114.79,38.74,Hebei,North_China,6910.8,79762.5,43115.8,1536.5,3414.2,181.5,2698.9,796.7,5444.4,12294.7,17397.9,117776,31150.5,19394.6,34473.5
337,115.95,35.83,Shandong,East_China,265.5,120327.6,86277.4,265.8,3256.2,242.5,10007.6,1568,3895.9,17742.3,7473.3,58590.8,27724,49094.1,11273.2
338,121.56,41.92,Liaoning,Northeast_China,0,169681.9,58.2,2269.9,0,9.7,5469.8,1959.6,7573.9,23706.2,26500.8,51862.6,36701,57030.3,20412.5
339,116.49,38.8,Hebei,North_China,0,147807.3,79784.1,2838.7,6350.9,334.7,4978.4,1473.3,10048.6,17012.2,4446.8,58908.3,15236.4,24530.7,41584.8
340,114.22,36.49,Hebei,North_China,0,103393.4,56733.9,1974.4,4383.4,258.1,3652.3,1049.8,7026.4,19191.6,3616.2,28983.6,65969.9,32189.5,36477.4
341,117.43,39.72,Tianjin,North_China,49084.2,143161.6,58032.2,1302.7,10205.5,46.9,1040,1009.4,3006,21613,7899.4,22692.7,44148,3225,44771.3
342,119.04,32.51,Anhui,East_China,218680,19112.1,45267.4,678,470.7,2733.6,1455.7,3007.5,840,1196.4,60.5,4094.3,23792.1,13193.2,27188.4
343,122.78,45.55,Jilin,Northeast_China,208941.3,42921.1,153.8,743.1,0,43.5,977.8,1017.1,1032.5,32270.1,2279.4,44719,16029.7,13592.3,14755.9
344,115.72,29.44,Jiangxi,East_China,149540.6,2214.8,283.5,91.3,3849.7,9562.5,4651.4,3591.3,6938.8,26265.3,1085.5,2712.4,32120.3,59054.8,19975
345,104.75,30.29,Sichuan,Southwest_China,33562.5,52781.4,11925.3,1351.2,88,20840.7,3391.6,5163.1,22194.2,1413.7,5401.4,54210.7,86853.7,25637.1,21990.5
346,110.26,25.26,Guangxi,Central_South_China,64252.3,4072,7.4,83.1,6.5,47.7,1076.1,326.2,1374.1,4607.5,63.6,2876.6,53906.8,88356.2,45293.2
347,104.98,28.55,Sichuan,Southwest_China,53790.7,45556.8,10293.2,1166.3,76,17988.3,2926.9,4456,19156.2,15474.3,1597.8,7054.9,76943.9,52280.4,20800.6
348,112.26,25.57,Hunan,Central_South_China,97158.8,19478.7,596.8,286.5,2742,18073.3,1865.1,2760.9,8591.2,22553,13.9,10944.7,102273,13532,24910.6
349,118.43,31.13,Anhui,East_China,178542.7,13051.5,22344.4,52.2,468.5,1679.3,1016.1,1831,321.3,5648.6,129.2,3057.2,24264.6,36437.6,39280.7
350,103.83,30.94,Sichuan,Southwest_China,107675.7,11147.8,2518.8,285.4,18.6,4401.8,716.2,1090.4,4687.6,0,5815.6,5532.4,43788.8,51738.8,55631.6
351,119.53,31.44,Jiangsu,East_China,40240.7,59791.2,154706.3,2748.5,1247.7,8838.2,4520.7,9749.2,3013.4,1724.6,0,3660.3,22758.7,21641.5,36714.7
352,111.75,21.95,Guangdong,Central_South_China,87948.8,2881.2,5.2,47.9,0,160.2,6130,516,9652.5,6690.4,1884.2,2121.8,103513.2,41119.7,24658
353,120.5,30.72,Zhejiang,East_China,128952.6,211.9,245.4,16.2,14.1,175.8,32.5,222.8,367.8,768.4,76.9,62173.3,11892.4,16235.9,81231.5
354,107.65,30.07,Chongqing,Southwest_China,69163.2,32412.7,1206.1,637.9,0,8905.9,1787.6,4520.6,30349.6,33183.5,134.1,19849.6,41513.4,69801.5,10379.8
355,112.21,32.27,Hubei,Central_South_China,94653.3,37628.4,43538,196.7,1156.3,4652,6043.7,1410.5,3134,5236.1,776.6,23037.6,34823,29493.2,45523.3
356,112.39,30.48,Hubei,Central_South_China,173129.2,17491.4,13308.5,124.5,2300,9873.4,2657.1,1666.2,4562.6,6751.3,714.6,3036.8,41360,34052.9,21832.8
357,123.17,41.34,Liaoning,Northeast_China,60788.1,62984.9,21.6,842.6,0,3.6,2030.3,727.4,2811.4,12848.7,3280.8,14124.7,27053.8,73068.3,48687.1
358,114.3,33.13,Henan,Central_South_China,0,106286.5,132741.1,509,782.3,2273.6,17287.4,2562,4477.4,9226.2,730.4,30575.5,50264.6,21174.9,11326.1
359,114.67,25.68,Jiangxi,East_China,91337.1,2095.5,268.2,86.4,3642.2,9047.2,4400.7,3397.7,6564.8,19071.8,423.9,674.8,63122.2,37561.7,49924
360,102.76,37.84,Gansu,Northwest_China,0,45776.3,16361,2426.5,965.4,4363.6,14,1516,21888.3,49762.1,1280.5,123453.8,55773.4,2125.8,24571.5
361,126.92,44.99,Jilin,Northeast_China,95350,248349.9,218.8,3649.2,0,1.2,4987.1,12638.3,6044.9,33266.1,11487,5675,31066.7,17950.1,6691.1
362,114.49,23.34,Guangdong,Central_South_China,68196.2,3332.7,6,55.5,0,185.3,7090.6,596.8,11165,5690.9,553.8,970.5,56538.8,84669.8,30692
363,80.32,41.09,Xinjiang,Northwest_China,19695.8,59072.1,35796.7,210.4,132681.5,1439.5,128.2,846.1,1740.5,9078.4,36623.4,83161.8,3634.8,20081.8,9378.6
364,111.05,27.31,Hunan,Central_South_China,155371,9609.7,294.4,141.4,1352.8,8916.3,920.1,1362.1,4238.4,23955.9,0,15169.7,57219.2,26869.8,16988.8
365,122.3,39.63,Liaoning,Northeast_China,13697.9,216775.6,74.4,2899.8,0,12.4,6988,2503.6,9676.1,19229.9,88.5,23922.9,52253.2,51613.3,15211.9
366,112.67,23.02,Guangdong,Central_South_China,46221,1246.6,2.3,20.7,0,69.3,2652.2,223.2,4176.3,3301.2,222.1,1364,90316,55889.3,49990.3
367,126.45,44.05,Jilin,Northeast_China,55341.8,275188.3,4,4532.2,0,0,6671.3,5589.6,5993,46824.1,3889.3,4117.8,23807.9,20466.6,23165.7
368,104.39,29.44,Sichuan,Southwest_China,37992.7,69806.5,15772.2,1787.1,116.4,27563.4,4484.8,6827.8,29352.9,4601.4,3209.2,50541.6,63708.1,31671.5,11626.2
369,116.49,39.95,Beijing,North_China,23.6,15834.7,2163.2,88.5,0,0,127.1,279.6,296.9,1096.2,7894.2,5814.6,14774.7,3493.4,187870.1
370,109.66,21.97,Guangxi,Central_South_China,39625.1,7558.4,13.7,154.3,12.1,88.5,1997.5,605.5,2550.6,14252.9,670.3,2578.2,92037.9,88602.3,8130
371,117.43,34.32,Jiangsu,East_China,97405.7,25158.7,58600,1007.5,549.5,3214.9,1913.8,3587.6,1207,1657.4,141.2,16639.7,43062.6,18842.7,46497.7
372,113.61,32.82,Henan,Central_South_China,0,91548.3,114342.1,438.5,673.9,1958.5,14886.9,2202.5,3853,15946.5,4997.3,47118.1,40222.5,28349.7,7867.5
373,80.59,44.38,Xinjiang,Northwest_China,0,22869.6,13858.3,81.4,51366.3,557.3,50,327.9,674.1,1773.5,3399.2,276728.8,1764.1,614.4,1511.2
374,108.04,41.01,Inner Mongolia,North_China,0,132836.3,7357.9,3926.9,0,2088.1,209,9677.1,7588.4,2832.3,3070.4,230906.8,11133.6,1144.7,5347.8
375,116.64,30.32,Anhui,East_China,168277.5,19670.6,33676.3,78.6,706.1,2531,1531.4,2759.6,484.2,4210.4,0.1,2565.5,41638.5,27028.3,21243
376,127.51,46.85,Heilongjiang,Northeast_China,153084.4,142047,690.1,929.5,0,3.9,138.3,27162.8,5127.4,47064.4,4651.7,5820.7,19620.2,13408.4,5152.2
377,124.31,43.9,Jilin,Northeast_China,13882.6,383851.5,5.6,6321.8,0,0,9305.6,7796.7,8359.4,25636.1,564.3,23257.8,42290.1,10410.8,7440.8
378,114.34,37.95,Hebei,North_China,0,76918.1,41578.1,1481.7,3292.4,175,2602.9,768.5,5250.4,16130.5,12792.2,25951.4,27286.4,54283.9,50784.8
379,118.15,31.89,Anhui,East_China,200673.1,7716.2,13522.9,45.8,271.6,999.7,599.9,1090.6,199.1,5693.6,4173.9,5897.1,18271,38995.9,21734.3
380,115.74,28.24,Jiangxi,East_China,187235.9,2188.4,280,90.2,3802.4,9445.1,4594.8,3547.7,6854.1,5407.3,633.1,4559,54230.6,8230.9,30682.2
381,118.54,32.36,Anhui,East_China,177585,21719,42495.8,341.5,688.5,2910.8,1677.3,3185.1,691.1,1571.8,1734.8,5081.6,22716.4,18163.7,32926.7
382,118.74,37.78,Shandong,East_China,9875.2,127635.5,87508.4,262.5,3602.9,111,10011.3,1574.9,4054.9,623.6,48682.2,78098.2,10078,16963.2,7262.7
383,115.7,37.76,Hebei,North_China,0,149416.6,80765.7,2878.2,6395.5,340,5058.2,1494.9,10200.7,20691.7,4085.4,34292.1,23142.9,27004.2,28755.4
384,114.62,34.26,Henan,Central_South_China,35375.2,92706.4,115787.5,444,682.4,1983.3,15075.9,2231.2,3902.5,9019.2,1195.7,35599.2,34318.5,23718.9,6313.8
385,110.54,22.85,Guangxi,Central_South_China,43970.2,8244.6,15,168.3,13.2,96.5,2178.9,660.5,2782.1,18526.2,180.8,2767.6,49915.2,111683.3,11971.2
386,122.25,37.13,Shandong,East_China,0,156388.4,107222.7,321.7,4414.6,136,12265.7,1928.6,4967.5,3957.1,12588.8,9764,33733.6,28411.3,21716.3
387,113.91,36.12,Henan,Central_South_China,0,65275.1,78978.1,370.4,552.6,1336.6,10182.2,1543.3,2811.3,21161.2,460.9,15609.6,46023.1,51496.5,24896.6
388,105.17,31.66,Sichuan,Southwest_China,59718.5,37168.4,8397.9,951.5,62,14676.1,2387.9,3635.5,15628.9,8902.9,3672.4,48402.9,52790.4,44842.8,15042.9
389,114.44,29.96,Hubei,Central_South_China,85183.2,34972.8,26610.6,249,4598.9,19742,5312,3330.6,9122,3150.3,132,2213.4,48058.4,51378.6,20023.9
390,117.03,38.53,Hebei,North_China,0,158434,80028.9,2629.9,7964.4,279.6,4256.9,1459.9,8851.3,15841.6,6931.6,28149.3,22988.5,24587.9,31871.5
391,106.56,31.73,Sichuan,Southwest_China,70401.6,53760.5,12146.8,1376.3,89.7,21227.7,3453.9,5258.3,22605.7,21444.3,258.5,29147,67489.6,15915.5,16741.4
392,118.21,39.47,Hebei,North_China,40095.5,79674.1,43066.6,1534.7,3410.3,181.3,2697.7,797.6,5439.7,9694.8,22867.2,6575.3,43022.7,21771.6,49765.1
393,113.2,26.59,Hunan,Central_South_China,137905.3,10524.6,322.5,154.8,1481.5,9765.2,1007.7,1491.8,4641.9,31097.1,42.8,6264.1,48714.5,36215.2,16057.9
394,126.89,47.33,Heilongjiang,Northeast_China,20420.8,229286.7,1114,1500.4,0,6.4,223.2,43845.2,8276.5,43442.2,10213.3,20185.5,43926.3,17484.3,7130.4
395,126.35,45.01,Jilin,Northeast_China,16380.2,420813,109.4,6718.8,0,0.6,9705.4,12192.8,9469.8,25333.5,3536.3,7393,24844.8,12127.4,8091.6
396,112.51,31.42,Hubei,Central_South_China,118348.9,39124,29769.3,278.5,5144.8,22085.4,5942.5,3726,10204.8,7438.2,351.2,11776.7,42859.8,28547.8,12778.5
397,114.16,22.52,Hong Kong SAR,Central_South_China,164.7,330.3,0.6,5.5,0,18.4,702.7,59.1,1106.5,1735.7,0.9,30.5,4980.7,292.5,204574.5
398,105.25,31.09,Sichuan,Southwest_China,20583.4,57960,13095.6,1483.8,96.7,22885.8,3723.7,5669.1,24371.6,8038.5,4168.8,30674.4,68585.8,41882.2,17968.2
399,122.07,42.29,Liaoning,Northeast_China,0,227429.2,78,3042.4,0,13,7331.3,2626.5,10151.5,30052.7,3077.2,63434.2,25667.8,43306.8,7556.2
400,114.88,31.28,Hubei,Central_South_China,67001.5,33328.1,27760.5,225.8,3771.9,16141.7,5114.9,2823.8,7616.9,41786,1151.5,22751.1,35508.9,36329.5,19039.9
401,107.07,40.83,Inner Mongolia,North_China,0,109358.8,6057.4,3232.8,0,1719.1,173,7967.5,6247.9,3562,14515.6,221382.5,5314.9,1331.3,9483.1
402,126.1,45.94,Heilongjiang,Northeast_China,41286.3,178720.3,868.3,1169.5,0,5,174,34175.6,6451.2,33311.2,21947.9,38685.4,27771.4,20855.5,10348
403,107.4,30.57,Sichuan,Southwest_China,76022.8,37535.1,6464,897.6,44.8,13537.6,2314.4,4116.6,21295.4,19677.4,1007.6,19297.7,43287.7,51736.9,14079.9
404,124.56,44.34,Jilin,Northeast_China,2090.3,394322.6,5.7,6494.2,0,0,9559.5,8009.4,8587.5,29414.3,467.2,36513.7,24873.3,10599.6,6686
405,116.19,29.65,Jiangxi,East_China,116054.2,18955.3,23606.9,190.1,5677.3,15710.9,7219.6,6383.1,9890.7,22321.7,398.9,998.9,24870.9,20462.8,42719.3
406,116.9,32.82,Anhui,East_China,34265.4,76380.3,130756.5,305.4,2741.8,9827.2,5949.1,10717.8,1882.6,5430.2,1182.4,12566.9,16545.6,16092.9,32208.9
407,108.66,22.33,Guangxi,Central_South_China,38405.1,36204.1,65.8,738.9,58,423.8,9567.9,2900.4,12217,8081.1,426.9,3205.1,26188.3,113042.1,15795.7
408,77.23,38.31,Xinjiang,Northwest_China,0,59231.7,35893.4,210.9,133040.6,1443.4,128.5,848.3,1745.2,2068.4,5725.5,125005.4,2201.7,12895,11997.1
409,125.61,45.05,Jilin,Northeast_China,13692.8,418898.3,6.1,6898.9,0,0,10155.3,8508.6,9122.7,21822.7,1099.8,12193.9,25222,11508.5,8014.6
410,105.07,29.88,Sichuan,Southwest_China,40400.7,59362.4,13411.8,1519.6,99,23438.4,3815.6,5808,24961.8,2580.7,4142,32866.1,68885.3,35699.1,8491.8
411,102.17,27.9,Sichuan,Southwest_China,33767.4,30536.1,6899.4,781.7,50.9,12057.3,1961.8,2986.8,12840.1,15187.6,2398.6,62366.1,33429.7,22385.3,56626.5
412,118.94,25.31,Fujian,East_China,31975.6,950.5,8.2,121.2,0,96.4,1840.6,727.1,11334.4,407.9,195.4,5804.3,64645.7,51920,65561.9
413,119.32,35.69,Shandong,East_China,0,127038.2,87097.4,261.3,3585.9,110.5,9966,1569.1,4037.4,9561,151.2,27803.4,38999.2,38837.9,11344
414,117.19,31.07,Anhui,East_China,204154.1,1309.4,2241.8,5.2,47,168.5,101.9,183.7,32.2,2324.5,0,701.2,28869,31652.9,22992
415,123.7,43.6,Jilin,Northeast_China,33370.2,284520.7,396.6,4728,0,110.8,6866.7,6006.5,6808.6,23645.8,367.4,37406.9,41257.1,10538,7620.2
416,104.56,28.82,Sichuan,Southwest_China,64769.4,37392.6,8426.8,959.5,62.1,14718,2394,3659.7,15682.7,18497,2645.2,6674.7,66562.8,29689.8,27710.4
417,112.02,37.21,Shanxi,North_China,0,114838.1,19964.7,3776.4,170.5,233.1,101.7,3247.2,5690.2,6992.1,4557.6,44628.2,26967.8,48505.9,45495.2
418,116.43,33.62,Anhui,East_China,0,108236.7,182212.2,438,3695.7,13213.2,8995,14417.9,2785.7,1796.3,30.6,20649.3,16076.7,7406.8,12322.5
419,103.2,30.02,Sichuan,Southwest_China,36419.7,44346.3,10019.6,1135.3,74,17510.2,2849.3,4337.8,18647.2,2820.4,39282.2,14702.5,65796.8,29511.5,20167
420,117.15,34.67,Shandong,East_China,101335,46945.8,47679.1,454.7,1265,1237.1,3659.9,1807.1,1644.2,8956.2,20.3,24417.3,26921,23511.1,29457.7
421,113.88,29.69,Hubei,Central_South_China,103768.5,33276.2,24167,248.9,4390.4,19357.8,4965.7,3242.5,8964,8159.1,35.2,6123.6,53109,34341.2,9848.9
422,121.33,41.19,Liaoning,Northeast_China,13807.7,175945.8,60.4,2353.7,0,10.1,5671.7,2031.9,7853.5,11242.2,8098,25027.1,43014.3,46486.1,23678.9
423,111.54,25.41,Hunan,Central_South_China,117900.3,24189.2,741.1,355.8,3405.1,22444,2316.1,3428.6,10668.8,28220.1,0,17031.1,66432.4,6836.3,13855.7
424,108.07,34.36,Shaanxi,Northwest_China,0,76340.2,43024.4,3832.4,631.8,6641.6,1527.8,3002.7,18221.1,16619.3,44898.3,18968.1,28814.3,23101.7,40937.5
425,113.38,23.55,Guangdong,Central_South_China,88005.7,2924.9,5.3,48.7,0,162.6,6223,523.8,9798.9,5128.6,2491.9,2666,32599.6,34362,71867.9
426,111.87,32.61,Henan,Central_South_China,5684.1,99622.7,121180.6,492.6,1558.3,5740.6,16129.8,2871.3,5647.9,8556.5,5013,32166.2,22400.6,26609.9,9567.2
427,105.64,30.17,Chongqing,Southwest_China,59979.4,47756.2,8427.9,1148.4,58.8,17353.3,2955.3,5193.3,26536.9,7565.8,1792.7,21029.5,67416.7,34238.2,10372.3
428,106.9,30.47,Sichuan,Southwest_China,61584.2,37510.3,8475.1,960.3,62.6,14810.9,2410.2,3669.2,15772.8,8072.9,971.1,14602,63893.3,38542,21783.9
429,113.13,26.08,Hunan,Central_South_China,88640.1,14100.7,432,207.4,1985,13083.3,1350.1,1998.7,6219.2,30792.6,8.7,20058.5,68801.1,18430,22154.9
430,126.57,46.62,Heilongjiang,Northeast_China,65499,205341.6,997.7,1343.7,0,5.7,199.9,39266.3,7412.1,29448,11888.5,13178.1,30633.7,14633,6345.3
431,125.39,43.7,Jilin,Northeast_China,11348.2,264464.3,3.8,4355.5,0,0,6411.3,5371.8,5759.4,24730.9,4429.6,6089.6,8111.1,10582.6,69457.7
432,124.99,43,Jilin,Northeast_China,13527.8,283976.6,17.3,4552.7,0,2.3,7205.3,5416.2,7102.3,24085.4,2787.4,6124.2,19790.5,50778.8,10798.3
433,116.82,29.3,Jiangxi,East_China,213228.7,707.9,90.6,29.2,1230.3,3056.1,1486.6,1147.8,2217.6,10080.2,9.6,899.1,13557.5,35517.1,15394.9
434,117.85,40.06,Hebei,North_China,0,96935.9,50256,1706.2,4600.4,189.7,2860.6,923.3,5869.1,13715.6,5373.4,26049.3,64520.2,19802.9,30496.8
435,120.11,32.99,Jiangsu,East_China,143128.1,784.7,2031.5,36.1,16.3,116,59.4,128.1,39.7,363.4,1066.6,8785,31798.2,58644,19727.8
436,107.06,31.75,Sichuan,Southwest_China,61083.4,43880.5,9914.4,1123.4,73.2,17326.5,2819.2,4292,18451.3,22245.3,0,18765.8,72428.4,14573.6,21308.8
437,104.33,30.67,Sichuan,Southwest_China,49774.6,14901,3366.7,381.5,24.9,5883.7,957.4,1457.6,6265.7,169.2,7485.1,17578.7,34821.6,16150,94338.1
438,112.33,34.9,Henan,Central_South_China,601.8,87513,109300.6,419.2,644.1,1872.2,14231.3,2106.2,3683.9,7085.1,12504.3,27061.7,22219,21331.6,28767.4
439,114.78,35,Henan,Central_South_China,0,100777.9,107431.1,393.3,1424.4,1484.4,13637.2,2045.3,3907.5,10069.8,2576.6,36450.5,22105.6,24007.9,22235.9
440,130.49,46.97,Heilongjiang,Northeast_China,188722.9,60276.9,292.9,394.4,0,1.7,58.7,11526.4,2175.8,10723.6,8779,7605.4,30621.1,5020.6,15377.8
441,117.75,31.22,Anhui,East_China,176815.1,17360.5,29721.5,69.4,623.2,2233.8,1351.6,2435.5,427.3,4978.6,300.2,1453.6,17768.2,17118.9,31866.4
442,116.25,36.59,Shandong,East_China,0,136270.4,93423.7,280.3,3846.4,118.5,10692.7,1685.9,4333.1,5194.4,1640.4,11818.2,25159.9,41240.7,19489.1
443,124.82,44.76,Jilin,Northeast_China,23076.3,358180.5,5.2,5899,0,0,8683.3,7275.3,7800.4,25653.2,1429.3,31258.6,21393.4,10487.5,3598.7
444,115.65,38.61,Hebei,North_China,0,122446.3,66187.6,2358.7,5241.2,278.6,4144.4,1224.3,8358.8,7101.3,11323.2,16323.9,19163.2,27446.5,47183.3
445,119.05,34.89,Jiangsu,East_China,129910.4,12891.2,9954.1,52.3,359.5,97.5,1010.6,248.8,421.6,1960.7,7732.3,10055,49390.2,20360.4,33116
446,125.52,45.91,Heilongjiang,Northeast_China,0,225875,1097.4,1478.1,0,6.3,219.9,43192.8,8153.3,29009,9226,52005.8,22940.6,20745.4,10920.3
447,113,36.03,Shanxi,North_China,0,135091.6,23485.8,4442.4,200.6,274.2,119.6,3819.9,6693.7,2228.4,2074.9,24133.2,45639.7,40429.9,37571.1
448,103.76,25.47,Yunnan,Southwest_China,25376.7,20627.9,1597.2,839.2,0,1571.6,145.6,2342.6,2961.8,66846.2,287.4,50560.7,63149.1,15830.7,25038.5
449,125.84,46.87,Heilongjiang,Northeast_China,0,240251,1167.3,1572.2,0,6.7,233.9,45941.8,8672.2,36469,41321.3,22568.4,24677.5,14574.9,3217.5
450,123.37,39.98,Liaoning,Northeast_China,35628.1,141834.9,48.7,1897.3,0,8.1,4572.1,1638,6330.9,8841.8,86.3,15769,18543.1,82444.3,11583.3
451,113.82,32.4,Henan,Central_South_China,49917.6,77566.5,95435.7,378.4,938.5,3267.5,12581,2076.2,3911.7,17275.6,172.4,18979.1,31362.1,16085.3,10850.8
452,113.05,39.6,Shanxi,North_China,0,124816.5,21699.4,4104.5,185.3,253.4,110.5,3529.4,6184.6,3381.9,60015.5,118398.5,869.8,5315.7,20117.1
453,117.84,36.7,Shandong,East_China,0,80984.2,55523.8,166.6,2286,70.4,6352,999.1,2572.7,26537,1542.4,17912.3,23990.1,31440.7,51349.4
454,116.16,30.25,Anhui,East_China,122152.6,17323,25068.5,84.3,1083.1,4331.6,1705.8,2212.9,1566.1,4633,0.8,3055.8,36778.9,38869.5,20744.7
455,110.8,34.53,Henan,Central_South_China,81.5,129787,123344.3,1634.5,743.5,2078.5,15273.4,3273.1,5730.2,18515.5,2613.3,16692,21659.3,7847.5,21187.9
456,111.45,30.03,Hubei,Central_South_China,96557.6,15097.6,6666.5,157.6,2046.5,10921.4,1922.5,1744.9,5127.8,13893.4,0,42250.3,62906,16963.9,10915.7
457,113,32.02,Hubei,Central_South_China,83832.4,33021.1,25125.1,235.1,4342.2,18639.9,5015.9,3145.1,8613.1,8010.6,441.4,26028.9,29153.8,45740.5,8261.4
458,122.46,40.59,Liaoning,Northeast_China,46352.1,79118.9,27.1,1058.4,0,4.5,2550.5,913.8,3531.6,7238.8,103.9,27290,16405,63618.7,38283.8
459,122.05,45.96,Inner Mongolia,North_China,14531,199879.9,3603.4,4143.1,0,1022.1,3371.7,7475.9,6651.2,20912.4,19477.3,97405,12403.1,7291.9,10575.3
460,120.76,37.07,Shandong,East_China,0,114220.9,78309.8,234.9,3224.2,99.4,8960.2,1410.6,3629.8,6128,9856.5,9972.4,45446.8,38087.1,11187.8
461,125.68,42.59,Jilin,Northeast_China,70897.8,230834.5,3.4,3801.7,0,0,5596.1,4688.7,5027.1,26435.2,3542.7,3696,20130.8,24905.7,11968.8
462,116.38,28.1,Jiangxi,East_China,169829.9,953,121.9,39.3,1656.1,4113.7,2001.1,1545.1,2985.1,19465.1,1047.1,1064.2,17566.1,31029.9,25480.3
463,115.44,30.89,Hubei,Central_South_China,87557,30107.8,22908.6,214.3,3959.1,16995.5,4573.2,2867.5,7853.2,26480.6,1540.9,37365.3,22167.9,29801.2,10875.5
464,111.07,21.94,Guangdong,Central_South_China,37437.3,4537,8.2,75.5,0,252.2,9651.9,812.9,15197.7,7957.6,1898.6,1301,83922.6,56223.5,17458.9
465,116.45,28.65,Jiangxi,East_China,189634.8,796.1,101.9,32.8,1383.5,3436.6,1671.7,1290.7,2493.8,10381.8,87.8,593.2,39433.5,23212.3,9199.6
466,119.32,41.7,Liaoning,Northeast_China,0,213040,6000.7,4592.7,0,1698.8,3565.7,9061.3,10854.2,10911.3,2048.8,41245,13658.5,54060.6,11711
467,115.42,26.07,Jiangxi,East_China,91010.1,1956.9,250.4,80.7,3401.4,8449,4109.8,3173.1,6130.8,21125.1,129.1,402.6,30999.1,47652.9,35231
468,117.03,36.17,Shandong,East_China,0,105187.7,72115.7,216.3,2969.1,91.5,8252.3,1299.8,3343.4,8488.8,23949.5,41633.2,25439,19233.5,22244.3
469,106.01,28.97,Chongqing,Southwest_China,67973.3,39527.1,4609.8,877.4,27.8,12856.2,2328,4811.7,28400,13782.5,79.6,19898.5,47636.5,29207.8,20532.9
470,110.59,40.42,Inner Mongolia,North_China,0,98921.6,5479.4,2924.3,0,1555,155.6,7206.4,5651,2255.2,31276.1,170814.8,16262.6,1103,6915.6
471,110.3,23.47,Guangxi,Central_South_China,95644.2,17360.3,31.6,354.3,27.8,203.2,4587.9,1390.8,5858.2,5743.4,416.7,1818.5,63832.6,18257.9,43041.9
472,106.06,31.87,Sichuan,Southwest_China,42169.5,53521.5,12092.7,1370.2,89.3,21133.1,3438.7,5235.1,22505.3,9691,0,12285.4,63148.8,34734.7,12118.6
473,122.87,42.64,Liaoning,Northeast_China,4900.3,172821.9,1264.1,2666.1,0,352.7,4900.8,3338.4,7988.2,36086.2,32530.8,46227.4,23219.4,28310.4,5189.1
474,112.98,34.49,Henan,Central_South_China,0,72876.7,91017,349,536.4,1559,11852.7,1755.9,3069.4,13933.7,4056.5,25163.5,26167.3,35198,19283.8
475,103.77,24.51,Yunnan,Southwest_China,25365.8,31737.7,2457.4,1291.3,0,2418,224.2,3604.3,4557,60111.4,2486.6,53647.4,63653.3,17971.4,9344.4
476,117.14,28.4,Jiangxi,East_China,137676.9,1103.8,141.2,45.5,1918.2,4764.9,2317.9,1789.6,3457.6,15081.7,1531.8,1546.8,47615.3,23225.9,22983.1
477,113.62,28.17,Hunan,Central_South_China,79314.8,4677.6,143.3,68.8,658.5,4340.1,447.9,663,2063.1,10509.1,7.7,43620,53909.3,32121.4,21453.4
478,115.33,31.85,Henan,Central_South_China,75806.2,52631.5,65736.3,252.1,387.4,1126,8558.3,1265.9,2214.8,8229,6.1,9544.3,16457.9,42957.1,13737.4
479,111.09,35.52,Shanxi,North_China,0,128326.9,22309.7,4219.9,190.6,260.5,113.6,3628.6,6358.5,2218.5,3463.2,25085.6,11093.8,66159.8,34342.1
480,111.29,26.73,Hunan,Central_South_China,96928.3,23568,722.1,346.7,3317.7,21867.4,2256.7,3340.6,10394.8,26170.9,0,10449.3,56635.2,19742.8,11449.3
481,106.77,29.13,Chongqing,Southwest_China,69491.1,40789.2,1517.7,802.7,0,11207.4,2249.5,5688.8,38193,10898.3,405,18112,34618.5,38023.9,18761.7
482,115.71,30.46,Hubei,Central_South_China,90245.4,10206.3,8153.7,71.4,1303.1,5583.5,1520.1,990.5,2565.8,32345.1,512.4,18199.3,20868,57887.4,10778.3
483,120.74,32.83,Jiangsu,East_China,1333.1,60163.9,155759.3,2770.5,1253.4,8894.5,4553.3,9816.8,3039.6,72.2,17,8664,23738.9,29117.3,7936
484,108.94,23.21,Guangxi,Central_South_China,98704.8,19070.4,34.7,389.2,30.6,223.3,5039.9,1527.8,6435.3,13999.2,27.1,5361.9,43541.2,36144.8,28447.8
485,121.28,30.09,Zhejiang,East_China,78272.1,718.5,832.1,54.9,47.8,595.9,110.1,755.2,1246.9,1032.3,1614.2,2776.7,27686.2,16656.7,92584.6
486,118.37,35.03,Shandong,East_China,0,84609.3,58005.5,174,2388.2,73.6,6639.6,1047.4,2690.9,9655.3,6821.9,3990.3,25383.3,15116.6,70810
487,114.42,37.45,Hebei,North_China,0,116639.2,63049.3,2246.9,4992.7,265.4,3946.7,1165.1,7961.4,11813.4,1897.1,13563.8,29438.3,40994.2,20633.3
488,112.76,33.43,Henan,Central_South_China,843.4,102949.9,128583,493.1,757.8,2202.4,16740.9,2476.8,4332.9,16682.5,1280.8,28467.9,16640.9,14376.2,9274.4
489,105.64,31.47,Sichuan,Southwest_China,39188.6,54249.1,12257.1,1388.8,90.5,21420.5,3485.4,5306.3,22811.2,11250.4,1645.3,47084,50974.9,22790.9,8735.6
490,106.27,38.53,Ningxia,Northwest_China,58099.4,4362.4,586.4,180,0,10.2,1.8,26.2,1029.5,25356.2,81493.7,56059.2,7286.8,6886.1,32358.7
491,109.22,21.66,Guangxi,Central_South_China,66247.3,22434.8,40.8,457.9,36,262.6,5929,1797.3,7570.6,336.3,3447.8,1701.8,45224.4,55256.1,31536.8
492,82.21,43.42,Xinjiang,Northwest_China,0,39685.8,24048.9,141.3,89138.2,967.1,86.1,568.4,1169.3,2250.5,5829.3,167248.1,2450.7,3663,2960.6
493,116.11,38.98,Hebei,North_China,0,123313.8,66656.1,2375.4,5278.3,280.6,4174.3,1233.5,8418.4,7138.1,7384.1,25824.9,22783.7,18468.4,35152.8
494,120.6,27.92,Zhejiang,East_China,34067.7,5681.7,6580.6,434.3,377.8,4712.8,870.6,5972.2,9860.8,1444.8,861.3,4250.9,9320.5,65279.1,68528.2
495,111.57,33.22,Henan,Central_South_China,0,92815.7,115926.4,444.6,683.2,1985.6,15092.6,2232.5,3905.9,20261.8,75.9,34241.6,15440.2,15624.7,14187.8
496,112.77,25.26,Hunan,Central_South_China,110537,9490.3,286.3,139.9,1313.9,8668.9,1227.2,1351,4641.8,25824.7,25.2,11256.7,47911.7,14749.7,27005.5
497,117.59,39.26,Tianjin,North_China,11250.2,99448,38082.5,737.3,7559.2,0.4,283.7,652.3,1308.1,10137.2,11916.3,13078.7,48005.4,21.9,56798.4
498,118.16,32.89,Anhui,East_China,58503.8,63520,110740.6,349.7,2246,8216.5,4941.1,8964.1,1623.3,3454.2,1602.4,6810,23708.5,12202.6,13111.8
499,117.1,35.44,Shandong,East_China,0,96435.3,66113.6,198.3,2722,83.9,7567,1193.1,3066.5,13214.9,1827.2,37073.5,33129.4,28231.8,18984.4
500,122.88,39.85,Liaoning,Northeast_China,13237.2,140892.7,48.3,1884.7,0,8.1,4541.7,1627.1,6288.9,15089.6,152.3,20884.7,31830.5,57821.1,18093.3
